Season,Round,Driver Abbreviation,Stint,Tire Compound,Stint Length
2023,1,ALB,1.0,SOFT,11
2023,1,ALB,2.0,SOFT,15
2023,1,ALB,3.0,HARD,14
2023,1,ALB,4.0,SOFT,17
2023,1,ALO,1.0,SOFT,14
2023,1,ALO,2.0,HARD,20
2023,1,ALO,3.0,HARD,23
2023,1,BOT,1.0,SOFT,11
2023,1,BOT,2.0,HARD,18
2023,1,BOT,3.0,HARD,28
2023,1,DEV,1.0,SOFT,11
2023,1,DEV,2.0,HARD,16
2023,1,DEV,3.0,HARD,29
2023,1,GAS,1.0,SOFT,9
2023,1,GAS,2.0,HARD,16
2023,1,GAS,3.0,HARD,15
2023,1,GAS,4.0,SOFT,17
2023,1,HAM,1.0,SOFT,12
2023,1,HAM,2.0,HARD,18
2023,1,HAM,3.0,HARD,27
2023,1,HUL,1.0,SOFT,11
2023,1,HUL,2.0,HARD,15
2023,1,HUL,3.0,HARD,14
2023,1,HUL,4.0,SOFT,16
2023,1,LEC,1.0,SOFT,13
2023,1,LEC,2.0,HARD,20
2023,1,LEC,3.0,HARD,7
2023,1,MAG,1.0,HARD,15
2023,1,MAG,2.0,HARD,14
2023,1,MAG,3.0,SOFT,11
2023,1,MAG,4.0,SOFT,16
2023,1,NOR,1.0,SOFT,10
2023,1,NOR,2.0,HARD,7
2023,1,NOR,3.0,SOFT,10
2023,1,NOR,4.0,MEDIUM,10
2023,1,NOR,5.0,HARD,10
2023,1,NOR,6.0,SOFT,7
2023,1,NOR,7.0,SOFT,1
2023,1,OCO,1.0,SOFT,12
2023,1,OCO,2.0,HARD,3
2023,1,OCO,3.0,HARD,17
2023,1,OCO,4.0,HARD,9
2023,1,PER,1.0,SOFT,17
2023,1,PER,2.0,SOFT,17
2023,1,PER,3.0,HARD,23
2023,1,PIA,1.0,SOFT,13
2023,1,RUS,1.0,SOFT,13
2023,1,RUS,2.0,HARD,18
2023,1,RUS,3.0,HARD,26
2023,1,SAI,1.0,SOFT,13
2023,1,SAI,2.0,HARD,18
2023,1,SAI,3.0,HARD,26
2023,1,SAR,1.0,SOFT,12
2023,1,SAR,2.0,SOFT,18
2023,1,SAR,3.0,HARD,10
2023,1,SAR,4.0,SOFT,16
2023,1,STR,1.0,SOFT,15
2023,1,STR,2.0,HARD,15
2023,1,STR,3.0,HARD,27
2023,1,TSU,1.0,SOFT,10
2023,1,TSU,2.0,HARD,16
2023,1,TSU,3.0,HARD,14
2023,1,TSU,4.0,SOFT,17
2023,1,VER,1.0,SOFT,14
2023,1,VER,2.0,SOFT,22
2023,1,VER,3.0,HARD,21
2023,1,ZHO,1.0,SOFT,12
2023,1,ZHO,2.0,HARD,20
2023,1,ZHO,3.0,SOFT,22
2023,1,ZHO,4.0,SOFT,2
2023,2,ALB,1.0,MEDIUM,17
2023,2,ALB,2.0,HARD,10
2023,2,ALO,1.0,MEDIUM,18
2023,2,ALO,2.0,HARD,32
2023,2,BOT,1.0,MEDIUM,9
2023,2,BOT,2.0,HARD,8
2023,2,BOT,3.0,MEDIUM,18
2023,2,BOT,4.0,SOFT,14
2023,2,DEV,1.0,MEDIUM,17
2023,2,DEV,2.0,HARD,33
2023,2,GAS,1.0,MEDIUM,14
2023,2,GAS,2.0,HARD,36
2023,2,HAM,1.0,HARD,18
2023,2,HAM,2.0,MEDIUM,32
2023,2,HUL,1.0,MEDIUM,11
2023,2,HUL,2.0,HARD,39
2023,2,LEC,1.0,SOFT,16
2023,2,LEC,2.0,HARD,34
2023,2,MAG,1.0,MEDIUM,8
2023,2,MAG,2.0,HARD,42
2023,2,NOR,1.0,SOFT,2
2023,2,NOR,2.0,HARD,17
2023,2,NOR,3.0,MEDIUM,31
2023,2,OCO,1.0,MEDIUM,16
2023,2,OCO,2.0,HARD,34
2023,2,PER,1.0,MEDIUM,18
2023,2,PER,2.0,HARD,32
2023,2,PIA,1.0,MEDIUM,1
2023,2,PIA,2.0,HARD,49
2023,2,RUS,1.0,MEDIUM,18
2023,2,RUS,2.0,HARD,32
2023,2,SAI,1.0,MEDIUM,15
2023,2,SAI,2.0,HARD,35
2023,2,SAR,1.0,HARD,18
2023,2,SAR,2.0,MEDIUM,32
2023,2,STR,1.0,MEDIUM,13
2023,2,STR,2.0,HARD,4
2023,2,TSU,1.0,MEDIUM,17
2023,2,TSU,2.0,HARD,33
2023,2,VER,1.0,MEDIUM,18
2023,2,VER,2.0,HARD,32
2023,2,ZHO,1.0,MEDIUM,11
2023,2,ZHO,2.0,HARD,7
2023,2,ZHO,3.0,MEDIUM,32
2023,3,ALB,1.0,MEDIUM,7
2023,3,ALO,1.0,MEDIUM,8
2023,3,ALO,2.0,HARD,47
2023,3,ALO,3.0,SOFT,2
2023,3,ALO,4.0,SOFT,1
2023,3,BOT,1.0,SOFT,1
2023,3,BOT,2.0,HARD,7
2023,3,BOT,3.0,HARD,45
2023,3,BOT,4.0,SOFT,1
2023,3,BOT,5.0,SOFT,1
2023,3,BOT,6.0,SOFT,2
2023,3,BOT,7.0,SOFT,1
2023,3,DEV,1.0,HARD,8
2023,3,DEV,2.0,MEDIUM,37
2023,3,DEV,3.0,SOFT,9
2023,3,DEV,4.0,SOFT,1
2023,3,DEV,5.0,SOFT,2
2023,3,GAS,1.0,SOFT,8
2023,3,GAS,2.0,HARD,47
2023,3,GAS,3.0,SOFT,2
2023,3,HAM,1.0,MEDIUM,8
2023,3,HAM,2.0,HARD,47
2023,3,HAM,3.0,SOFT,2
2023,3,HAM,4.0,SOFT,1
2023,3,HUL,1.0,MEDIUM,8
2023,3,HUL,2.0,HARD,47
2023,3,HUL,3.0,SOFT,2
2023,3,HUL,4.0,SOFT,1
2023,3,LEC,1.0,MEDIUM,1
2023,3,MAG,1.0,MEDIUM,7
2023,3,MAG,2.0,HARD,1
2023,3,MAG,3.0,HARD,45
2023,3,NOR,1.0,MEDIUM,8
2023,3,NOR,2.0,HARD,47
2023,3,NOR,3.0,SOFT,2
2023,3,NOR,4.0,SOFT,1
2023,3,OCO,1.0,SOFT,1
2023,3,OCO,2.0,HARD,7
2023,3,OCO,3.0,HARD,47
2023,3,OCO,4.0,SOFT,2
2023,3,PER,1.0,HARD,1
2023,3,PER,2.0,MEDIUM,1
2023,3,PER,3.0,HARD,6
2023,3,PER,4.0,HARD,47
2023,3,PER,5.0,SOFT,2
2023,3,PER,6.0,SOFT,1
2023,3,PIA,1.0,MEDIUM,8
2023,3,PIA,2.0,HARD,46
2023,3,PIA,3.0,SOFT,1
2023,3,PIA,4.0,SOFT,2
2023,3,PIA,5.0,SOFT,1
2023,3,RUS,1.0,MEDIUM,7
2023,3,RUS,2.0,HARD,1
2023,3,RUS,3.0,HARD,10
2023,3,SAI,1.0,MEDIUM,7
2023,3,SAI,2.0,HARD,1
2023,3,SAI,3.0,HARD,47
2023,3,SAI,4.0,SOFT,2
2023,3,SAI,5.0,SOFT,1
2023,3,SAR,1.0,HARD,1
2023,3,SAR,2.0,MEDIUM,1
2023,3,SAR,3.0,HARD,6
2023,3,SAR,4.0,MEDIUM,28
2023,3,SAR,5.0,HARD,18
2023,3,SAR,6.0,SOFT,1
2023,3,SAR,7.0,SOFT,2
2023,3,STR,1.0,MEDIUM,8
2023,3,STR,2.0,HARD,47
2023,3,STR,3.0,SOFT,2
2023,3,STR,4.0,SOFT,1
2023,3,TSU,1.0,MEDIUM,8
2023,3,TSU,2.0,HARD,46
2023,3,TSU,3.0,SOFT,1
2023,3,TSU,4.0,SOFT,2
2023,3,TSU,5.0,SOFT,1
2023,3,VER,1.0,MEDIUM,8
2023,3,VER,2.0,HARD,47
2023,3,VER,3.0,SOFT,2
2023,3,VER,4.0,SOFT,1
2023,3,ZHO,1.0,SOFT,1
2023,3,ZHO,2.0,HARD,7
2023,3,ZHO,3.0,HARD,46
2023,3,ZHO,4.0,SOFT,1
2023,3,ZHO,5.0,SOFT,2
2023,3,ZHO,6.0,SOFT,1
2023,4,ALB,1.0,MEDIUM,7
2023,4,ALB,2.0,HARD,44
2023,4,ALO,1.0,MEDIUM,11
2023,4,ALO,2.0,HARD,40
2023,4,BOT,1.0,MEDIUM,6
2023,4,BOT,2.0,HARD,6
2023,4,BOT,3.0,HARD,22
2023,4,BOT,4.0,MEDIUM,16
2023,4,DEV,1.0,HARD,10
2023,4,GAS,1.0,MEDIUM,5
2023,4,GAS,2.0,HARD,18
2023,4,GAS,3.0,HARD,28
2023,4,HAM,1.0,MEDIUM,9
2023,4,HAM,2.0,HARD,42
2023,4,HUL,1.0,HARD,49
2023,4,HUL,2.0,SOFT,1
2023,4,LEC,1.0,MEDIUM,11
2023,4,LEC,2.0,HARD,40
2023,4,MAG,1.0,MEDIUM,10
2023,4,MAG,2.0,HARD,41
2023,4,NOR,1.0,MEDIUM,9
2023,4,NOR,2.0,HARD,42
2023,4,OCO,1.0,HARD,50
2023,4,OCO,2.0,SOFT,1
2023,4,PER,1.0,MEDIUM,11
2023,4,PER,2.0,HARD,40
2023,4,PIA,1.0,MEDIUM,8
2023,4,PIA,2.0,HARD,43
2023,4,RUS,1.0,MEDIUM,11
2023,4,RUS,2.0,HARD,38
2023,4,RUS,3.0,SOFT,2
2023,4,SAI,1.0,MEDIUM,11
2023,4,SAI,2.0,HARD,40
2023,4,SAR,1.0,MEDIUM,8
2023,4,SAR,2.0,HARD,43
2023,4,STR,1.0,MEDIUM,11
2023,4,STR,2.0,HARD,40
2023,4,TSU,1.0,MEDIUM,8
2023,4,TSU,2.0,HARD,43
2023,4,VER,1.0,MEDIUM,10
2023,4,VER,2.0,HARD,41
2023,4,ZHO,1.0,MEDIUM,11
2023,4,ZHO,2.0,HARD,25
2023,5,ALB,1.0,MEDIUM,22
2023,5,ALB,2.0,HARD,35
2023,5,ALO,1.0,MEDIUM,24
2023,5,ALO,2.0,HARD,33
2023,5,BOT,1.0,MEDIUM,15
2023,5,BOT,2.0,HARD,42
2023,5,DEV,1.0,MEDIUM,15
2023,5,DEV,2.0,HARD,42
2023,5,GAS,1.0,MEDIUM,15
2023,5,GAS,2.0,HARD,42
2023,5,HAM,1.0,HARD,37
2023,5,HAM,2.0,MEDIUM,20
2023,5,HUL,1.0,HARD,33
2023,5,HUL,2.0,MEDIUM,24
2023,5,LEC,1.0,MEDIUM,17
2023,5,LEC,2.0,HARD,40
2023,5,MAG,1.0,MEDIUM,14
2023,5,MAG,2.0,HARD,43
2023,5,NOR,1.0,SOFT,4
2023,5,NOR,2.0,HARD,53
2023,5,OCO,1.0,HARD,39
2023,5,OCO,2.0,MEDIUM,18
2023,5,PER,1.0,MEDIUM,20
2023,5,PER,2.0,HARD,37
2023,5,PIA,1.0,SOFT,5
2023,5,PIA,2.0,HARD,51
2023,5,RUS,1.0,MEDIUM,17
2023,5,RUS,2.0,HARD,40
2023,5,SAI,1.0,MEDIUM,18
2023,5,SAI,2.0,HARD,39
2023,5,SAR,1.0,MEDIUM,2
2023,5,SAR,2.0,HARD,54
2023,5,STR,1.0,HARD,42
2023,5,STR,2.0,MEDIUM,15
2023,5,TSU,1.0,HARD,36
2023,5,TSU,2.0,MEDIUM,21
2023,5,VER,1.0,HARD,45
2023,5,VER,2.0,MEDIUM,12
2023,5,ZHO,1.0,HARD,31
2023,5,ZHO,2.0,MEDIUM,26
2023,6,ALB,1.0,MEDIUM,18
2023,6,ALB,2.0,HARD,34
2023,6,ALB,3.0,INTERMEDIATE,25
2023,6,ALO,1.0,HARD,54
2023,6,ALO,2.0,MEDIUM,1
2023,6,ALO,3.0,INTERMEDIATE,23
2023,6,BOT,1.0,HARD,51
2023,6,BOT,2.0,INTERMEDIATE,26
2023,6,DEV,1.0,MEDIUM,53
2023,6,DEV,2.0,INTERMEDIATE,24
2023,6,GAS,1.0,HARD,47
2023,6,GAS,2.0,MEDIUM,7
2023,6,GAS,3.0,INTERMEDIATE,24
2023,6,HAM,1.0,MEDIUM,31
2023,6,HAM,2.0,HARD,23
2023,6,HAM,3.0,INTERMEDIATE,24
2023,6,HUL,1.0,MEDIUM,1
2023,6,HUL,2.0,HARD,53
2023,6,HUL,3.0,INTERMEDIATE,5
2023,6,HUL,4.0,WET,17
2023,6,LEC,1.0,HARD,44
2023,6,LEC,2.0,MEDIUM,11
2023,6,LEC,3.0,INTERMEDIATE,23
2023,6,MAG,1.0,HARD,56
2023,6,MAG,2.0,WET,15
2023,6,NOR,1.0,MEDIUM,50
2023,6,NOR,2.0,HARD,4
2023,6,NOR,3.0,INTERMEDIATE,23
2023,6,OCO,1.0,MEDIUM,32
2023,6,OCO,2.0,HARD,22
2023,6,OCO,3.0,INTERMEDIATE,24
2023,6,PER,1.0,MEDIUM,1
2023,6,PER,2.0,HARD,33
2023,6,PER,3.0,MEDIUM,19
2023,6,PER,4.0,INTERMEDIATE,4
2023,6,PER,5.0,WET,13
2023,6,PER,6.0,INTERMEDIATE,6
2023,6,PIA,1.0,HARD,54
2023,6,PIA,2.0,INTERMEDIATE,23
2023,6,RUS,1.0,HARD,54
2023,6,RUS,2.0,INTERMEDIATE,24
2023,6,SAI,1.0,HARD,33
2023,6,SAI,2.0,MEDIUM,22
2023,6,SAI,3.0,INTERMEDIATE,23
2023,6,SAR,1.0,MEDIUM,20
2023,6,SAR,2.0,HARD,3
2023,6,SAR,3.0,SOFT,29
2023,6,SAR,4.0,INTERMEDIATE,24
2023,6,STR,1.0,HARD,51
2023,6,STR,2.0,INTERMEDIATE,3
2023,6,TSU,1.0,MEDIUM,53
2023,6,TSU,2.0,INTERMEDIATE,23
2023,6,VER,1.0,MEDIUM,55
2023,6,VER,2.0,INTERMEDIATE,23
2023,6,ZHO,1.0,SOFT,1
2023,6,ZHO,2.0,HARD,51
2023,6,ZHO,3.0,INTERMEDIATE,25
2023,7,ALB,1.0,SOFT,16
2023,7,ALB,2.0,HARD,21
2023,7,ALB,3.0,MEDIUM,28
2023,7,ALO,1.0,SOFT,19
2023,7,ALO,2.0,SOFT,25
2023,7,ALO,3.0,HARD,22
2023,7,BOT,1.0,SOFT,5
2023,7,BOT,2.0,HARD,34
2023,7,BOT,3.0,HARD,26
2023,7,DEV,1.0,SOFT,9
2023,7,DEV,2.0,HARD,29
2023,7,DEV,3.0,MEDIUM,27
2023,7,GAS,1.0,SOFT,19
2023,7,GAS,2.0,MEDIUM,20
2023,7,GAS,3.0,HARD,27
2023,7,HAM,1.0,SOFT,24
2023,7,HAM,2.0,MEDIUM,26
2023,7,HAM,3.0,SOFT,16
2023,7,HUL,1.0,SOFT,8
2023,7,HUL,2.0,MEDIUM,18
2023,7,HUL,3.0,HARD,17
2023,7,HUL,4.0,MEDIUM,22
2023,7,LEC,1.0,HARD,16
2023,7,LEC,2.0,SOFT,25
2023,7,LEC,3.0,HARD,25
2023,7,MAG,1.0,SOFT,10
2023,7,MAG,2.0,MEDIUM,14
2023,7,MAG,3.0,HARD,18
2023,7,MAG,4.0,MEDIUM,23
2023,7,NOR,1.0,SOFT,1
2023,7,NOR,2.0,HARD,21
2023,7,NOR,3.0,MEDIUM,28
2023,7,NOR,4.0,SOFT,15
2023,7,OCO,1.0,SOFT,13
2023,7,OCO,2.0,MEDIUM,22
2023,7,OCO,3.0,HARD,31
2023,7,PER,1.0,MEDIUM,27
2023,7,PER,2.0,HARD,23
2023,7,PER,3.0,SOFT,16
2023,7,PIA,1.0,SOFT,17
2023,7,PIA,2.0,HARD,22
2023,7,PIA,3.0,MEDIUM,26
2023,7,RUS,1.0,SOFT,25
2023,7,RUS,2.0,MEDIUM,20
2023,7,RUS,3.0,SOFT,21
2023,7,SAI,1.0,SOFT,15
2023,7,SAI,2.0,MEDIUM,26
2023,7,SAI,3.0,HARD,25
2023,7,SAR,1.0,MEDIUM,17
2023,7,SAR,2.0,HARD,19
2023,7,SAR,3.0,HARD,29
2023,7,STR,1.0,SOFT,14
2023,7,STR,2.0,SOFT,20
2023,7,STR,3.0,HARD,32
2023,7,TSU,1.0,SOFT,10
2023,7,TSU,2.0,HARD,24
2023,7,TSU,3.0,MEDIUM,32
2023,7,VER,1.0,MEDIUM,26
2023,7,VER,2.0,HARD,26
2023,7,VER,3.0,SOFT,14
2023,7,ZHO,1.0,SOFT,9
2023,7,ZHO,2.0,HARD,27
2023,7,ZHO,3.0,HARD,30
2023,8,ALB,1.0,MEDIUM,12
2023,8,ALB,2.0,HARD,58
2023,8,ALO,1.0,MEDIUM,12
2023,8,ALO,2.0,HARD,29
2023,8,ALO,3.0,HARD,29
2023,8,BOT,1.0,HARD,36
2023,8,BOT,2.0,MEDIUM,34
2023,8,DEV,1.0,MEDIUM,11
2023,8,DEV,2.0,HARD,39
2023,8,DEV,3.0,HARD,19
2023,8,GAS,1.0,SOFT,10
2023,8,GAS,2.0,HARD,23
2023,8,GAS,3.0,HARD,37
2023,8,HAM,1.0,MEDIUM,12
2023,8,HAM,2.0,HARD,28
2023,8,HAM,3.0,MEDIUM,30
2023,8,HUL,1.0,MEDIUM,11
2023,8,HUL,2.0,HARD,20
2023,8,HUL,3.0,HARD,38
2023,8,LEC,1.0,MEDIUM,39
2023,8,LEC,2.0,HARD,31
2023,8,MAG,1.0,HARD,35
2023,8,MAG,2.0,MEDIUM,18
2023,8,MAG,3.0,MEDIUM,16
2023,8,NOR,1.0,MEDIUM,12
2023,8,NOR,2.0,HARD,23
2023,8,NOR,3.0,HARD,35
2023,8,OCO,1.0,MEDIUM,12
2023,8,OCO,2.0,HARD,24
2023,8,OCO,3.0,HARD,34
2023,8,PER,1.0,HARD,37
2023,8,PER,2.0,MEDIUM,31
2023,8,PER,3.0,SOFT,2
2023,8,PIA,1.0,MEDIUM,12
2023,8,PIA,2.0,HARD,25
2023,8,PIA,3.0,HARD,33
2023,8,RUS,1.0,MEDIUM,12
2023,8,RUS,2.0,HARD,42
2023,8,SAI,1.0,MEDIUM,38
2023,8,SAI,2.0,HARD,32
2023,8,SAR,1.0,MEDIUM,7
2023,8,STR,1.0,MEDIUM,11
2023,8,STR,2.0,HARD,16
2023,8,STR,3.0,HARD,43
2023,8,TSU,1.0,MEDIUM,1
2023,8,TSU,2.0,HARD,1
2023,8,TSU,3.0,HARD,68
2023,8,VER,1.0,MEDIUM,12
2023,8,VER,2.0,HARD,30
2023,8,VER,3.0,MEDIUM,28
2023,8,ZHO,1.0,MEDIUM,12
2023,8,ZHO,2.0,HARD,20
2023,8,ZHO,3.0,HARD,37
2023,9,ALB,1.0,MEDIUM,2
2023,9,ALB,2.0,MEDIUM,12
2023,9,ALB,3.0,HARD,27
2023,9,ALB,4.0,HARD,30
2023,9,ALO,1.0,HARD,2
2023,9,ALO,2.0,HARD,13
2023,9,ALO,3.0,MEDIUM,29
2023,9,ALO,4.0,MEDIUM,27
2023,9,BOT,1.0,HARD,2
2023,9,BOT,2.0,HARD,19
2023,9,BOT,3.0,MEDIUM,19
2023,9,BOT,4.0,HARD,30
2023,9,DEV,1.0,MEDIUM,2
2023,9,DEV,2.0,MEDIUM,10
2023,9,DEV,3.0,HARD,25
2023,9,DEV,4.0,MEDIUM,33
2023,9,GAS,1.0,MEDIUM,2
2023,9,GAS,2.0,MEDIUM,12
2023,9,GAS,3.0,HARD,30
2023,9,GAS,4.0,MEDIUM,27
2023,9,HAM,1.0,MEDIUM,2
2023,9,HAM,2.0,MEDIUM,12
2023,9,HAM,3.0,HARD,28
2023,9,HAM,4.0,MEDIUM,29
2023,9,HUL,1.0,MEDIUM,2
2023,9,HUL,2.0,MEDIUM,9
2023,9,HUL,3.0,HARD,2
2023,9,LEC,1.0,MEDIUM,2
2023,9,LEC,2.0,MEDIUM,13
2023,9,LEC,3.0,MEDIUM,32
2023,9,LEC,4.0,HARD,24
2023,9,MAG,1.0,HARD,1
2023,9,MAG,2.0,MEDIUM,1
2023,9,MAG,3.0,HARD,32
2023,9,MAG,4.0,HARD,36
2023,9,NOR,1.0,MEDIUM,2
2023,9,NOR,2.0,MEDIUM,12
2023,9,NOR,3.0,HARD,27
2023,9,NOR,4.0,HARD,30
2023,9,OCO,1.0,MEDIUM,2
2023,9,OCO,2.0,MEDIUM,12
2023,9,OCO,3.0,HARD,26
2023,9,OCO,4.0,HARD,30
2023,9,PER,1.0,MEDIUM,2
2023,9,PER,2.0,MEDIUM,23
2023,9,PER,3.0,MEDIUM,25
2023,9,PER,4.0,HARD,21
2023,9,PIA,1.0,MEDIUM,2
2023,9,PIA,2.0,MEDIUM,12
2023,9,PIA,3.0,HARD,8
2023,9,PIA,4.0,HARD,19
2023,9,PIA,5.0,MEDIUM,29
2023,9,RUS,1.0,MEDIUM,2
2023,9,RUS,2.0,MEDIUM,12
2023,9,RUS,3.0,HARD,27
2023,9,RUS,4.0,MEDIUM,30
2023,9,SAI,1.0,MEDIUM,2
2023,9,SAI,2.0,MEDIUM,13
2023,9,SAI,3.0,MEDIUM,30
2023,9,SAI,4.0,HARD,26
2023,9,SAR,1.0,MEDIUM,2
2023,9,SAR,2.0,MEDIUM,12
2023,9,SAR,3.0,HARD,29
2023,9,SAR,4.0,HARD,27
2023,9,STR,1.0,MEDIUM,2
2023,9,STR,2.0,MEDIUM,13
2023,9,STR,3.0,HARD,21
2023,9,STR,4.0,HARD,18
2023,9,STR,5.0,MEDIUM,17
2023,9,TSU,1.0,MEDIUM,1
2023,9,TSU,2.0,HARD,1
2023,9,TSU,3.0,HARD,21
2023,9,TSU,4.0,HARD,20
2023,9,TSU,5.0,MEDIUM,27
2023,9,VER,1.0,MEDIUM,2
2023,9,VER,2.0,MEDIUM,22
2023,9,VER,3.0,HARD,25
2023,9,VER,4.0,MEDIUM,20
2023,9,VER,5.0,SOFT,2
2023,9,ZHO,1.0,MEDIUM,2
2023,9,ZHO,2.0,MEDIUM,6
2023,9,ZHO,3.0,HARD,30
2023,9,ZHO,4.0,HARD,32
2023,10,ALB,1.0,MEDIUM,32
2023,10,ALB,2.0,SOFT,20
2023,10,ALO,1.0,MEDIUM,33
2023,10,ALO,2.0,SOFT,19
2023,10,BOT,1.0,HARD,32
2023,10,BOT,2.0,SOFT,20
2023,10,DEV,1.0,SOFT,27
2023,10,DEV,2.0,MEDIUM,5
2023,10,DEV,3.0,SOFT,20
2023,10,GAS,1.0,MEDIUM,31
2023,10,GAS,2.0,SOFT,15
2023,10,HAM,1.0,MEDIUM,33
2023,10,HAM,2.0,SOFT,19
2023,10,HUL,1.0,HARD,7
2023,10,HUL,2.0,MEDIUM,25
2023,10,HUL,3.0,SOFT,20
2023,10,LEC,1.0,MEDIUM,18
2023,10,LEC,2.0,HARD,14
2023,10,LEC,3.0,MEDIUM,20
2023,10,MAG,1.0,MEDIUM,32
2023,10,NOR,1.0,MEDIUM,33
2023,10,NOR,2.0,HARD,19
2023,10,OCO,1.0,SOFT,9
2023,10,PER,1.0,MEDIUM,28
2023,10,PER,2.0,SOFT,24
2023,10,PIA,1.0,MEDIUM,29
2023,10,PIA,2.0,HARD,23
2023,10,RUS,1.0,SOFT,28
2023,10,RUS,2.0,MEDIUM,24
2023,10,SAI,1.0,MEDIUM,26
2023,10,SAI,2.0,HARD,26
2023,10,SAR,1.0,MEDIUM,29
2023,10,SAR,2.0,SOFT,23
2023,10,STR,1.0,MEDIUM,31
2023,10,STR,2.0,SOFT,21
2023,10,TSU,1.0,SOFT,14
2023,10,TSU,2.0,HARD,18
2023,10,TSU,3.0,SOFT,20
2023,10,VER,1.0,MEDIUM,33
2023,10,VER,2.0,SOFT,19
2023,10,ZHO,1.0,MEDIUM,24
2023,10,ZHO,2.0,HARD,9
2023,10,ZHO,3.0,SOFT,3
2023,10,ZHO,4.0,SOFT,16
2023,11,ALB,1.0,MEDIUM,8
2023,11,ALB,2.0,HARD,23
2023,11,ALB,3.0,HARD,38
2023,11,ALO,1.0,MEDIUM,20
2023,11,ALO,2.0,HARD,23
2023,11,ALO,3.0,HARD,27
2023,11,BOT,1.0,MEDIUM,9
2023,11,BOT,2.0,HARD,31
2023,11,BOT,3.0,HARD,29
2023,11,GAS,1.0,SOFT,1
2023,11,HAM,1.0,MEDIUM,16
2023,11,HAM,2.0,HARD,33
2023,11,HAM,3.0,MEDIUM,21
2023,11,HUL,1.0,MEDIUM,16
2023,11,HUL,2.0,HARD,22
2023,11,HUL,3.0,HARD,31
2023,11,LEC,1.0,MEDIUM,17
2023,11,LEC,2.0,HARD,26
2023,11,LEC,3.0,HARD,27
2023,11,MAG,1.0,MEDIUM,14
2023,11,MAG,2.0,HARD,27
2023,11,MAG,3.0,HARD,28
2023,11,NOR,1.0,MEDIUM,17
2023,11,NOR,2.0,HARD,27
2023,11,NOR,3.0,MEDIUM,26
2023,11,OCO,1.0,MEDIUM,2
2023,11,PER,1.0,HARD,24
2023,11,PER,2.0,MEDIUM,18
2023,11,PER,3.0,MEDIUM,28
2023,11,PIA,1.0,MEDIUM,18
2023,11,PIA,2.0,HARD,24
2023,11,PIA,3.0,MEDIUM,28
2023,11,RIC,1.0,MEDIUM,18
2023,11,RIC,2.0,HARD,11
2023,11,RIC,3.0,MEDIUM,40
2023,11,RUS,1.0,HARD,28
2023,11,RUS,2.0,MEDIUM,18
2023,11,RUS,3.0,MEDIUM,24
2023,11,SAI,1.0,SOFT,15
2023,11,SAI,2.0,HARD,29
2023,11,SAI,3.0,HARD,26
2023,11,SAR,1.0,MEDIUM,13
2023,11,SAR,2.0,HARD,21
2023,11,SAR,3.0,HARD,33
2023,11,STR,1.0,SOFT,9
2023,11,STR,2.0,HARD,25
2023,11,STR,3.0,HARD,35
2023,11,TSU,1.0,SOFT,9
2023,11,TSU,2.0,HARD,35
2023,11,TSU,3.0,MEDIUM,25
2023,11,VER,1.0,MEDIUM,23
2023,11,VER,2.0,HARD,28
2023,11,VER,3.0,MEDIUM,19
2023,11,ZHO,1.0,MEDIUM,10
2023,11,ZHO,2.0,HARD,28
2023,11,ZHO,3.0,HARD,31
2023,12,ALB,1.0,SOFT,7
2023,12,ALB,2.0,MEDIUM,16
2023,12,ALB,3.0,MEDIUM,10
2023,12,ALB,4.0,SOFT,11
2023,12,ALO,1.0,MEDIUM,10
2023,12,ALO,2.0,MEDIUM,19
2023,12,ALO,3.0,SOFT,15
2023,12,BOT,1.0,SOFT,6
2023,12,BOT,2.0,MEDIUM,18
2023,12,BOT,3.0,MEDIUM,20
2023,12,GAS,1.0,SOFT,23
2023,12,GAS,2.0,MEDIUM,21
2023,12,HAM,1.0,SOFT,12
2023,12,HAM,2.0,MEDIUM,15
2023,12,HAM,3.0,SOFT,15
2023,12,HAM,4.0,MEDIUM,2
2023,12,HUL,1.0,MEDIUM,12
2023,12,HUL,2.0,SOFT,12
2023,12,HUL,3.0,SOFT,20
2023,12,LEC,1.0,SOFT,13
2023,12,LEC,2.0,MEDIUM,15
2023,12,LEC,3.0,SOFT,16
2023,12,MAG,1.0,SOFT,5
2023,12,MAG,2.0,MEDIUM,20
2023,12,MAG,3.0,MEDIUM,19
2023,12,NOR,1.0,MEDIUM,5
2023,12,NOR,2.0,HARD,12
2023,12,NOR,3.0,SOFT,27
2023,12,OCO,1.0,SOFT,6
2023,12,OCO,2.0,MEDIUM,19
2023,12,OCO,3.0,SOFT,19
2023,12,PER,1.0,SOFT,13
2023,12,PER,2.0,MEDIUM,16
2023,12,PER,3.0,SOFT,15
2023,12,PIA,1.0,MEDIUM,1
2023,12,RIC,1.0,SOFT,5
2023,12,RIC,2.0,MEDIUM,17
2023,12,RIC,3.0,MEDIUM,22
2023,12,RUS,1.0,MEDIUM,22
2023,12,RUS,2.0,SOFT,22
2023,12,SAI,1.0,SOFT,7
2023,12,SAI,2.0,MEDIUM,16
2023,12,SAR,1.0,SOFT,8
2023,12,SAR,2.0,MEDIUM,16
2023,12,SAR,3.0,MEDIUM,10
2023,12,SAR,4.0,SOFT,10
2023,12,STR,1.0,MEDIUM,20
2023,12,STR,2.0,SOFT,24
2023,12,TSU,1.0,MEDIUM,9
2023,12,TSU,2.0,MEDIUM,15
2023,12,TSU,3.0,SOFT,20
2023,12,VER,1.0,SOFT,14
2023,12,VER,2.0,MEDIUM,16
2023,12,VER,3.0,SOFT,14
2023,12,ZHO,1.0,SOFT,7
2023,12,ZHO,2.0,MEDIUM,18
2023,12,ZHO,3.0,SOFT,19
2023,13,ALB,1.0,SOFT,44
2023,13,ALB,2.0,MEDIUM,17
2023,13,ALB,3.0,INTERMEDIATE,2
2023,13,ALB,4.0,INTERMEDIATE,1
2023,13,ALB,5.0,INTERMEDIATE,8
2023,13,ALO,1.0,SOFT,2
2023,13,ALO,2.0,INTERMEDIATE,8
2023,13,ALO,3.0,SOFT,38
2023,13,ALO,4.0,SOFT,13
2023,13,ALO,5.0,INTERMEDIATE,3
2023,13,ALO,6.0,INTERMEDIATE,8
2023,13,BOT,1.0,SOFT,16
2023,13,BOT,2.0,MEDIUM,31
2023,13,BOT,3.0,SOFT,12
2023,13,BOT,4.0,INTERMEDIATE,4
2023,13,BOT,5.0,INTERMEDIATE,1
2023,13,BOT,6.0,INTERMEDIATE,8
2023,13,GAS,1.0,SOFT,1
2023,13,GAS,2.0,INTERMEDIATE,10
2023,13,GAS,3.0,SOFT,35
2023,13,GAS,4.0,SOFT,14
2023,13,GAS,5.0,INTERMEDIATE,4
2023,13,GAS,6.0,INTERMEDIATE,8
2023,13,HAM,1.0,MEDIUM,3
2023,13,HAM,2.0,INTERMEDIATE,6
2023,13,HAM,3.0,SOFT,36
2023,13,HAM,4.0,SOFT,15
2023,13,HAM,5.0,INTERMEDIATE,4
2023,13,HAM,6.0,INTERMEDIATE,8
2023,13,HUL,1.0,SOFT,16
2023,13,HUL,2.0,MEDIUM,32
2023,13,HUL,3.0,SOFT,12
2023,13,HUL,4.0,INTERMEDIATE,3
2023,13,HUL,5.0,INTERMEDIATE,1
2023,13,HUL,6.0,INTERMEDIATE,8
2023,13,LAW,1.0,SOFT,1
2023,13,LAW,2.0,INTERMEDIATE,9
2023,13,LAW,3.0,SOFT,7
2023,13,LAW,4.0,MEDIUM,29
2023,13,LAW,5.0,SOFT,13
2023,13,LAW,6.0,INTERMEDIATE,4
2023,13,LAW,7.0,INTERMEDIATE,1
2023,13,LAW,8.0,INTERMEDIATE,8
2023,13,LEC,1.0,SOFT,1
2023,13,LEC,2.0,INTERMEDIATE,10
2023,13,LEC,3.0,SOFT,30
2023,13,MAG,1.0,SOFT,1
2023,13,MAG,2.0,INTERMEDIATE,8
2023,13,MAG,3.0,SOFT,26
2023,13,MAG,4.0,MEDIUM,25
2023,13,MAG,5.0,INTERMEDIATE,3
2023,13,MAG,6.0,INTERMEDIATE,1
2023,13,MAG,7.0,INTERMEDIATE,8
2023,13,NOR,1.0,SOFT,3
2023,13,NOR,2.0,INTERMEDIATE,7
2023,13,NOR,3.0,SOFT,32
2023,13,NOR,4.0,SOFT,18
2023,13,NOR,5.0,INTERMEDIATE,3
2023,13,NOR,6.0,INTERMEDIATE,1
2023,13,NOR,7.0,INTERMEDIATE,8
2023,13,OCO,1.0,SOFT,2
2023,13,OCO,2.0,INTERMEDIATE,8
2023,13,OCO,3.0,SOFT,33
2023,13,OCO,4.0,SOFT,18
2023,13,OCO,5.0,WET,2
2023,13,OCO,6.0,INTERMEDIATE,1
2023,13,OCO,7.0,INTERMEDIATE,8
2023,13,PER,1.0,SOFT,1
2023,13,PER,2.0,INTERMEDIATE,11
2023,13,PER,3.0,SOFT,33
2023,13,PER,4.0,SOFT,15
2023,13,PER,5.0,INTERMEDIATE,3
2023,13,PER,6.0,INTERMEDIATE,1
2023,13,PER,7.0,INTERMEDIATE,8
2023,13,PIA,1.0,SOFT,15
2023,13,PIA,2.0,SOFT,31
2023,13,PIA,3.0,MEDIUM,14
2023,13,PIA,4.0,INTERMEDIATE,3
2023,13,PIA,5.0,INTERMEDIATE,1
2023,13,PIA,6.0,INTERMEDIATE,8
2023,13,RUS,1.0,SOFT,4
2023,13,RUS,2.0,INTERMEDIATE,6
2023,13,RUS,3.0,SOFT,6
2023,13,RUS,4.0,HARD,44
2023,13,RUS,5.0,INTERMEDIATE,3
2023,13,RUS,6.0,INTERMEDIATE,1
2023,13,RUS,7.0,INTERMEDIATE,3
2023,13,RUS,8.0,INTERMEDIATE,5
2023,13,SAI,1.0,SOFT,2
2023,13,SAI,2.0,INTERMEDIATE,8
2023,13,SAI,3.0,SOFT,31
2023,13,SAI,4.0,SOFT,19
2023,13,SAI,5.0,INTERMEDIATE,4
2023,13,SAI,6.0,INTERMEDIATE,8
2023,13,SAR,1.0,SOFT,15
2023,13,STR,1.0,SOFT,4
2023,13,STR,2.0,INTERMEDIATE,5
2023,13,STR,3.0,SOFT,7
2023,13,STR,4.0,MEDIUM,18
2023,13,STR,5.0,SOFT,26
2023,13,STR,6.0,INTERMEDIATE,3
2023,13,STR,7.0,INTERMEDIATE,1
2023,13,STR,8.0,INTERMEDIATE,8
2023,13,TSU,1.0,SOFT,1
2023,13,TSU,2.0,INTERMEDIATE,9
2023,13,TSU,3.0,SOFT,50
2023,13,TSU,4.0,INTERMEDIATE,3
2023,13,TSU,5.0,INTERMEDIATE,1
2023,13,TSU,6.0,INTERMEDIATE,8
2023,13,VER,1.0,SOFT,2
2023,13,VER,2.0,INTERMEDIATE,9
2023,13,VER,3.0,SOFT,38
2023,13,VER,4.0,SOFT,12
2023,13,VER,5.0,INTERMEDIATE,2
2023,13,VER,6.0,WET,1
2023,13,VER,7.0,INTERMEDIATE,8
2023,13,ZHO,1.0,SOFT,1
2023,13,ZHO,2.0,INTERMEDIATE,9
2023,13,ZHO,3.0,MEDIUM,27
2023,13,ZHO,4.0,SOFT,23
2023,13,ZHO,5.0,INTERMEDIATE,3
2023,14,ALB,1.0,MEDIUM,15
2023,14,ALB,2.0,HARD,37
2023,14,ALO,1.0,MEDIUM,21
2023,14,ALO,2.0,HARD,31
2023,14,BOT,1.0,HARD,25
2023,14,BOT,2.0,MEDIUM,26
2023,14,GAS,1.0,MEDIUM,10
2023,14,GAS,2.0,HARD,21
2023,14,GAS,3.0,MEDIUM,20
2023,14,HAM,1.0,HARD,27
2023,14,HAM,2.0,MEDIUM,25
2023,14,HUL,1.0,MEDIUM,14
2023,14,HUL,2.0,HARD,25
2023,14,HUL,3.0,MEDIUM,12
2023,14,LAW,1.0,MEDIUM,13
2023,14,LAW,2.0,HARD,20
2023,14,LAW,3.0,MEDIUM,18
2023,14,LEC,1.0,MEDIUM,20
2023,14,LEC,2.0,HARD,32
2023,14,MAG,1.0,HARD,12
2023,14,MAG,2.0,MEDIUM,21
2023,14,MAG,3.0,MEDIUM,18
2023,14,NOR,1.0,MEDIUM,22
2023,14,NOR,2.0,HARD,30
2023,14,OCO,1.0,MEDIUM,24
2023,14,OCO,2.0,HARD,15
2023,14,PER,1.0,MEDIUM,21
2023,14,PER,2.0,HARD,31
2023,14,PIA,1.0,MEDIUM,23
2023,14,PIA,2.0,HARD,18
2023,14,PIA,3.0,MEDIUM,10
2023,14,RUS,1.0,MEDIUM,19
2023,14,RUS,2.0,HARD,33
2023,14,SAI,1.0,MEDIUM,19
2023,14,SAI,2.0,HARD,33
2023,14,SAR,1.0,MEDIUM,14
2023,14,SAR,2.0,HARD,37
2023,14,STR,1.0,MEDIUM,20
2023,14,STR,2.0,HARD,31
2023,14,TSU,1.0,MEDIUM,1
2023,14,VER,1.0,MEDIUM,20
2023,14,VER,2.0,HARD,32
2023,14,ZHO,1.0,MEDIUM,11
2023,14,ZHO,2.0,HARD,22
2023,14,ZHO,3.0,MEDIUM,18
2023,15,ALB,1.0,MEDIUM,20
2023,15,ALB,2.0,HARD,23
2023,15,ALB,3.0,MEDIUM,19
2023,15,ALO,1.0,MEDIUM,20
2023,15,ALO,2.0,HARD,24
2023,15,ALO,3.0,SOFT,18
2023,15,BOT,1.0,HARD,40
2023,15,BOT,2.0,MEDIUM,12
2023,15,GAS,1.0,MEDIUM,20
2023,15,GAS,2.0,HARD,42
2023,15,HAM,1.0,MEDIUM,20
2023,15,HAM,2.0,HARD,24
2023,15,HAM,3.0,MEDIUM,18
2023,15,HUL,1.0,MEDIUM,20
2023,15,HUL,2.0,HARD,42
2023,15,LAW,1.0,MEDIUM,20
2023,15,LAW,2.0,HARD,42
2023,15,LEC,1.0,SOFT,20
2023,15,LEC,2.0,HARD,42
2023,15,MAG,1.0,MEDIUM,20
2023,15,MAG,2.0,HARD,23
2023,15,MAG,3.0,SOFT,19
2023,15,NOR,1.0,MEDIUM,20
2023,15,NOR,2.0,HARD,42
2023,15,OCO,1.0,MEDIUM,20
2023,15,OCO,2.0,HARD,23
2023,15,PER,1.0,HARD,39
2023,15,PER,2.0,MEDIUM,23
2023,15,PIA,1.0,MEDIUM,20
2023,15,PIA,2.0,HARD,42
2023,15,RUS,1.0,MEDIUM,20
2023,15,RUS,2.0,HARD,24
2023,15,RUS,3.0,MEDIUM,18
2023,15,SAI,1.0,MEDIUM,20
2023,15,SAI,2.0,HARD,42
2023,15,SAR,1.0,MEDIUM,19
2023,15,SAR,2.0,HARD,24
2023,15,SAR,3.0,MEDIUM,19
2023,15,TSU,1.0,SOFT,1
2023,15,VER,1.0,HARD,40
2023,15,VER,2.0,MEDIUM,22
2023,15,ZHO,1.0,SOFT,2
2023,15,ZHO,2.0,HARD,18
2023,15,ZHO,3.0,MEDIUM,42
2023,16,ALB,1.0,MEDIUM,1
2023,16,ALB,2.0,MEDIUM,12
2023,16,ALB,3.0,SOFT,13
2023,16,ALO,1.0,SOFT,11
2023,16,ALO,2.0,HARD,14
2023,16,ALO,3.0,HARD,28
2023,16,BOT,1.0,SOFT,1
2023,16,BOT,2.0,SOFT,5
2023,16,BOT,3.0,HARD,1
2023,16,GAS,1.0,MEDIUM,18
2023,16,GAS,2.0,HARD,16
2023,16,GAS,3.0,HARD,19
2023,16,HAM,1.0,MEDIUM,16
2023,16,HAM,2.0,HARD,18
2023,16,HAM,3.0,HARD,19
2023,16,HUL,1.0,SOFT,8
2023,16,HUL,2.0,MEDIUM,13
2023,16,HUL,3.0,HARD,16
2023,16,HUL,4.0,MEDIUM,15
2023,16,LAW,1.0,SOFT,10
2023,16,LAW,2.0,MEDIUM,15
2023,16,LAW,3.0,HARD,27
2023,16,LEC,1.0,MEDIUM,17
2023,16,LEC,2.0,MEDIUM,17
2023,16,LEC,3.0,HARD,19
2023,16,MAG,1.0,MEDIUM,12
2023,16,MAG,2.0,HARD,19
2023,16,MAG,3.0,HARD,21
2023,16,NOR,1.0,MEDIUM,17
2023,16,NOR,2.0,HARD,19
2023,16,NOR,3.0,HARD,17
2023,16,OCO,1.0,MEDIUM,1
2023,16,OCO,2.0,HARD,27
2023,16,OCO,3.0,HARD,25
2023,16,PER,1.0,MEDIUM,2
2023,16,PER,2.0,HARD,10
2023,16,PER,3.0,SOFT,1
2023,16,PER,4.0,SOFT,1
2023,16,PER,5.0,SOFT,1
2023,16,PIA,1.0,MEDIUM,13
2023,16,PIA,2.0,HARD,22
2023,16,PIA,3.0,HARD,18
2023,16,RUS,1.0,MEDIUM,24
2023,16,RUS,2.0,HARD,29
2023,16,SAI,1.0,MEDIUM,18
2023,16,SAI,2.0,MEDIUM,20
2023,16,SAI,3.0,HARD,15
2023,16,SAR,1.0,MEDIUM,2
2023,16,SAR,2.0,MEDIUM,3
2023,16,SAR,3.0,MEDIUM,16
2023,16,SAR,4.0,HARD,1
2023,16,STR,1.0,SOFT,14
2023,16,STR,2.0,MEDIUM,6
2023,16,TSU,1.0,SOFT,9
2023,16,TSU,2.0,MEDIUM,21
2023,16,TSU,3.0,HARD,22
2023,16,VER,1.0,MEDIUM,16
2023,16,VER,2.0,MEDIUM,21
2023,16,VER,3.0,HARD,16
2023,16,ZHO,1.0,SOFT,1
2023,16,ZHO,2.0,SOFT,9
2023,16,ZHO,3.0,SOFT,19
2023,16,ZHO,4.0,HARD,23
2023,17,ALB,1.0,MEDIUM,18
2023,17,ALB,2.0,MEDIUM,13
2023,17,ALB,3.0,HARD,13
2023,17,ALB,4.0,HARD,13
2023,17,ALO,1.0,MEDIUM,11
2023,17,ALO,2.0,MEDIUM,15
2023,17,ALO,3.0,HARD,18
2023,17,ALO,4.0,MEDIUM,13
2023,17,BOT,1.0,SOFT,3
2023,17,BOT,2.0,MEDIUM,18
2023,17,BOT,3.0,HARD,18
2023,17,BOT,4.0,HARD,18
2023,17,GAS,1.0,MEDIUM,11
2023,17,GAS,2.0,MEDIUM,15
2023,17,GAS,3.0,HARD,18
2023,17,GAS,4.0,MEDIUM,13
2023,17,HAM,1.0,SOFT,1
2023,17,HUL,1.0,MEDIUM,13
2023,17,HUL,2.0,HARD,14
2023,17,HUL,3.0,MEDIUM,12
2023,17,HUL,4.0,HARD,17
2023,17,LAW,1.0,SOFT,3
2023,17,LAW,2.0,HARD,18
2023,17,LAW,3.0,HARD,18
2023,17,LAW,4.0,MEDIUM,17
2023,17,LEC,1.0,MEDIUM,12
2023,17,LEC,2.0,MEDIUM,13
2023,17,LEC,3.0,HARD,18
2023,17,LEC,4.0,MEDIUM,14
2023,17,MAG,1.0,SOFT,3
2023,17,MAG,2.0,MEDIUM,18
2023,17,MAG,3.0,HARD,18
2023,17,MAG,4.0,HARD,17
2023,17,NOR,1.0,MEDIUM,13
2023,17,NOR,2.0,MEDIUM,14
2023,17,NOR,3.0,MEDIUM,17
2023,17,NOR,4.0,HARD,13
2023,17,OCO,1.0,MEDIUM,10
2023,17,OCO,2.0,MEDIUM,15
2023,17,OCO,3.0,HARD,18
2023,17,OCO,4.0,MEDIUM,14
2023,17,PER,1.0,HARD,17
2023,17,PER,2.0,MEDIUM,14
2023,17,PER,3.0,MEDIUM,12
2023,17,PER,4.0,MEDIUM,14
2023,17,PIA,1.0,MEDIUM,12
2023,17,PIA,2.0,MEDIUM,13
2023,17,PIA,3.0,MEDIUM,18
2023,17,PIA,4.0,HARD,14
2023,17,RUS,1.0,MEDIUM,1
2023,17,RUS,2.0,MEDIUM,13
2023,17,RUS,3.0,MEDIUM,18
2023,17,RUS,4.0,HARD,18
2023,17,RUS,5.0,SOFT,7
2023,17,SAR,1.0,MEDIUM,13
2023,17,SAR,2.0,MEDIUM,13
2023,17,SAR,3.0,HARD,14
2023,17,STR,1.0,MEDIUM,3
2023,17,STR,2.0,MEDIUM,18
2023,17,STR,3.0,HARD,18
2023,17,STR,4.0,MEDIUM,18
2023,17,TSU,1.0,MEDIUM,9
2023,17,TSU,2.0,MEDIUM,13
2023,17,TSU,3.0,HARD,18
2023,17,TSU,4.0,HARD,16
2023,17,VER,1.0,MEDIUM,17
2023,17,VER,2.0,MEDIUM,17
2023,17,VER,3.0,HARD,17
2023,17,VER,4.0,MEDIUM,6
2023,17,ZHO,1.0,MEDIUM,18
2023,17,ZHO,2.0,HARD,17
2023,17,ZHO,3.0,HARD,17
2023,17,ZHO,4.0,SOFT,5
2023,18,ALB,1.0,MEDIUM,10
2023,18,ALB,2.0,HARD,19
2023,18,ALB,3.0,MEDIUM,27
2023,18,ALO,1.0,MEDIUM,19
2023,18,ALO,2.0,MEDIUM,23
2023,18,ALO,3.0,HARD,7
2023,18,BOT,1.0,MEDIUM,10
2023,18,BOT,2.0,HARD,18
2023,18,BOT,3.0,HARD,28
2023,18,GAS,1.0,MEDIUM,18
2023,18,GAS,2.0,MEDIUM,19
2023,18,GAS,3.0,HARD,19
2023,18,HAM,1.0,MEDIUM,20
2023,18,HAM,2.0,HARD,18
2023,18,HAM,3.0,MEDIUM,18
2023,18,HUL,1.0,HARD,19
2023,18,HUL,2.0,MEDIUM,15
2023,18,HUL,3.0,MEDIUM,22
2023,18,LEC,1.0,MEDIUM,23
2023,18,LEC,2.0,HARD,33
2023,18,MAG,1.0,MEDIUM,10
2023,18,MAG,2.0,HARD,19
2023,18,MAG,3.0,MEDIUM,26
2023,18,NOR,1.0,MEDIUM,17
2023,18,NOR,2.0,HARD,17
2023,18,NOR,3.0,HARD,22
2023,18,OCO,1.0,MEDIUM,6
2023,18,PER,1.0,MEDIUM,17
2023,18,PER,2.0,MEDIUM,20
2023,18,PER,3.0,HARD,19
2023,18,PIA,1.0,MEDIUM,10
2023,18,RIC,1.0,MEDIUM,22
2023,18,RIC,2.0,HARD,25
2023,18,RIC,3.0,SOFT,8
2023,18,RUS,1.0,MEDIUM,21
2023,18,RUS,2.0,HARD,18
2023,18,RUS,3.0,MEDIUM,17
2023,18,SAI,1.0,MEDIUM,17
2023,18,SAI,2.0,MEDIUM,18
2023,18,SAI,3.0,HARD,21
2023,18,SAR,1.0,MEDIUM,11
2023,18,SAR,2.0,HARD,21
2023,18,SAR,3.0,MEDIUM,24
2023,18,STR,1.0,HARD,20
2023,18,STR,2.0,MEDIUM,20
2023,18,STR,3.0,MEDIUM,16
2023,18,TSU,1.0,MEDIUM,17
2023,18,TSU,2.0,HARD,17
2023,18,TSU,3.0,MEDIUM,20
2023,18,TSU,4.0,SOFT,2
2023,18,VER,1.0,MEDIUM,16
2023,18,VER,2.0,MEDIUM,19
2023,18,VER,3.0,HARD,21
2023,18,ZHO,1.0,MEDIUM,9
2023,18,ZHO,2.0,HARD,18
2023,18,ZHO,3.0,HARD,28
2023,19,ALB,1.0,HARD,33
2023,19,ALB,2.0,MEDIUM,1
2023,19,ALB,3.0,MEDIUM,37
2023,19,ALO,1.0,MEDIUM,29
2023,19,ALO,2.0,HARD,5
2023,19,ALO,3.0,HARD,13
2023,19,BOT,1.0,MEDIUM,31
2023,19,BOT,2.0,HARD,3
2023,19,BOT,3.0,HARD,37
2023,19,GAS,1.0,MEDIUM,28
2023,19,GAS,2.0,HARD,6
2023,19,GAS,3.0,HARD,37
2023,19,HAM,1.0,MEDIUM,24
2023,19,HAM,2.0,HARD,10
2023,19,HAM,3.0,MEDIUM,37
2023,19,HUL,1.0,MEDIUM,23
2023,19,HUL,2.0,HARD,11
2023,19,HUL,3.0,MEDIUM,37
2023,19,LEC,1.0,MEDIUM,31
2023,19,LEC,2.0,HARD,3
2023,19,LEC,3.0,HARD,37
2023,19,MAG,1.0,MEDIUM,23
2023,19,MAG,2.0,HARD,9
2023,19,NOR,1.0,SOFT,11
2023,19,NOR,2.0,HARD,22
2023,19,NOR,3.0,MEDIUM,1
2023,19,NOR,4.0,MEDIUM,37
2023,19,OCO,1.0,HARD,34
2023,19,OCO,2.0,MEDIUM,37
2023,19,PER,1.0,MEDIUM,1
2023,19,PIA,1.0,MEDIUM,25
2023,19,PIA,2.0,HARD,9
2023,19,PIA,3.0,MEDIUM,37
2023,19,RIC,1.0,MEDIUM,27
2023,19,RIC,2.0,HARD,7
2023,19,RIC,3.0,HARD,37
2023,19,RUS,1.0,MEDIUM,26
2023,19,RUS,2.0,HARD,8
2023,19,RUS,3.0,MEDIUM,37
2023,19,SAI,1.0,MEDIUM,30
2023,19,SAI,2.0,HARD,4
2023,19,SAI,3.0,HARD,37
2023,19,SAR,1.0,MEDIUM,22
2023,19,SAR,2.0,HARD,12
2023,19,SAR,3.0,MEDIUM,37
2023,19,STR,1.0,MEDIUM,30
2023,19,STR,2.0,HARD,4
2023,19,STR,3.0,HARD,32
2023,19,TSU,1.0,MEDIUM,9
2023,19,TSU,2.0,HARD,25
2023,19,TSU,3.0,HARD,37
2023,19,VER,1.0,MEDIUM,19
2023,19,VER,2.0,HARD,14
2023,19,VER,3.0,HARD,1
2023,19,VER,4.0,HARD,37
2023,19,ZHO,1.0,MEDIUM,21
2023,19,ZHO,2.0,HARD,13
2023,19,ZHO,3.0,HARD,37
2023,21,ALB,1.0,MEDIUM,16
2023,21,ALB,2.0,HARD,34
2023,21,ALO,1.0,MEDIUM,1
2023,21,ALO,2.0,HARD,25
2023,21,ALO,3.0,HARD,24
2023,21,BOT,1.0,MEDIUM,1
2023,21,BOT,2.0,HARD,23
2023,21,BOT,3.0,MEDIUM,26
2023,21,GAS,1.0,MEDIUM,17
2023,21,GAS,2.0,HARD,33
2023,21,HAM,1.0,HARD,17
2023,21,HAM,2.0,MEDIUM,9
2023,21,HAM,3.0,HARD,24
2023,21,HUL,1.0,MEDIUM,12
2023,21,HUL,2.0,HARD,14
2023,21,HUL,3.0,HARD,20
2023,21,LEC,1.0,MEDIUM,21
2023,21,LEC,2.0,HARD,29
2023,21,MAG,1.0,MEDIUM,14
2023,21,MAG,2.0,HARD,12
2023,21,MAG,3.0,HARD,24
2023,21,NOR,1.0,MEDIUM,3
2023,21,OCO,1.0,MEDIUM,20
2023,21,OCO,2.0,HARD,30
2023,21,PER,1.0,MEDIUM,1
2023,21,PER,2.0,HARD,25
2023,21,PER,3.0,HARD,24
2023,21,PIA,1.0,HARD,16
2023,21,PIA,2.0,HARD,27
2023,21,PIA,3.0,MEDIUM,7
2023,21,RIC,1.0,MEDIUM,17
2023,21,RIC,2.0,HARD,33
2023,21,RUS,1.0,MEDIUM,15
2023,21,RUS,2.0,HARD,11
2023,21,RUS,3.0,HARD,24
2023,21,SAI,1.0,MEDIUM,3
2023,21,SAI,2.0,HARD,23
2023,21,SAI,3.0,HARD,24
2023,21,SAR,1.0,MEDIUM,15
2023,21,SAR,2.0,HARD,35
2023,21,STR,1.0,SOFT,3
2023,21,STR,2.0,HARD,23
2023,21,STR,3.0,HARD,24
2023,21,TSU,1.0,SOFT,10
2023,21,TSU,2.0,MEDIUM,11
2023,21,TSU,3.0,HARD,26
2023,21,VER,1.0,MEDIUM,16
2023,21,VER,2.0,HARD,10
2023,21,VER,3.0,HARD,24
2023,21,ZHO,1.0,HARD,26
2023,21,ZHO,2.0,MEDIUM,24
2023,22,ALB,1.0,MEDIUM,16
2023,22,ALB,2.0,HARD,27
2023,22,ALB,3.0,HARD,15
2023,22,ALO,1.0,MEDIUM,12
2023,22,ALO,2.0,HARD,24
2023,22,ALO,3.0,HARD,22
2023,22,BOT,1.0,HARD,29
2023,22,BOT,2.0,MEDIUM,28
2023,22,GAS,1.0,MEDIUM,17
2023,22,GAS,2.0,HARD,15
2023,22,GAS,3.0,HARD,26
2023,22,HAM,1.0,MEDIUM,15
2023,22,HAM,2.0,HARD,20
2023,22,HAM,3.0,HARD,23
2023,22,HUL,1.0,MEDIUM,13
2023,22,HUL,2.0,HARD,20
2023,22,HUL,3.0,HARD,25
2023,22,LEC,1.0,MEDIUM,17
2023,22,LEC,2.0,HARD,18
2023,22,LEC,3.0,HARD,23
2023,22,MAG,1.0,MEDIUM,5
2023,22,MAG,2.0,HARD,17
2023,22,MAG,3.0,HARD,35
2023,22,NOR,1.0,MEDIUM,14
2023,22,NOR,2.0,HARD,19
2023,22,NOR,3.0,HARD,25
2023,22,OCO,1.0,MEDIUM,15
2023,22,OCO,2.0,HARD,43
2023,22,PER,1.0,MEDIUM,17
2023,22,PER,2.0,HARD,25
2023,22,PER,3.0,HARD,16
2023,22,PIA,1.0,MEDIUM,13
2023,22,PIA,2.0,HARD,23
2023,22,PIA,3.0,HARD,22
2023,22,RIC,1.0,MEDIUM,7
2023,22,RIC,2.0,HARD,24
2023,22,RIC,3.0,HARD,27
2023,22,RUS,1.0,MEDIUM,14
2023,22,RUS,2.0,HARD,20
2023,22,RUS,3.0,HARD,24
2023,22,SAI,1.0,HARD,23
2023,22,SAI,2.0,HARD,33
2023,22,SAI,3.0,SOFT,1
2023,22,SAR,1.0,MEDIUM,15
2023,22,SAR,2.0,HARD,26
2023,22,SAR,3.0,HARD,17
2023,22,STR,1.0,HARD,22
2023,22,STR,2.0,HARD,20
2023,22,STR,3.0,MEDIUM,16
2023,22,TSU,1.0,MEDIUM,22
2023,22,TSU,2.0,HARD,36
2023,22,VER,1.0,MEDIUM,16
2023,22,VER,2.0,HARD,27
2023,22,VER,3.0,HARD,15
2023,22,ZHO,1.0,MEDIUM,13
2023,22,ZHO,2.0,HARD,24
2023,22,ZHO,3.0,MEDIUM,21
2024,1,ALB,1.0,SOFT,15
2024,1,ALB,2.0,HARD,21
2024,1,ALB,3.0,HARD,20
2024,1,ALO,1.0,SOFT,15
2024,1,ALO,2.0,HARD,26
2024,1,ALO,3.0,HARD,16
2024,1,BOT,1.0,SOFT,12
2024,1,BOT,2.0,HARD,18
2024,1,BOT,3.0,HARD,26
2024,1,GAS,1.0,SOFT,12
2024,1,GAS,2.0,HARD,19
2024,1,GAS,3.0,HARD,12
2024,1,GAS,4.0,SOFT,13
2024,1,HAM,1.0,SOFT,12
2024,1,HAM,2.0,HARD,21
2024,1,HAM,3.0,HARD,24
2024,1,HUL,1.0,SOFT,1
2024,1,HUL,2.0,HARD,19
2024,1,HUL,3.0,HARD,21
2024,1,HUL,4.0,SOFT,15
2024,1,LEC,1.0,SOFT,11
2024,1,LEC,2.0,HARD,23
2024,1,LEC,3.0,HARD,23
2024,1,MAG,1.0,SOFT,11
2024,1,MAG,2.0,HARD,21
2024,1,MAG,3.0,HARD,24
2024,1,NOR,1.0,SOFT,13
2024,1,NOR,2.0,HARD,20
2024,1,NOR,3.0,HARD,24
2024,1,OCO,1.0,SOFT,10
2024,1,OCO,2.0,HARD,20
2024,1,OCO,3.0,HARD,26
2024,1,PER,1.0,SOFT,12
2024,1,PER,2.0,HARD,24
2024,1,PER,3.0,SOFT,21
2024,1,PIA,1.0,SOFT,12
2024,1,PIA,2.0,HARD,22
2024,1,PIA,3.0,HARD,23
2024,1,RIC,1.0,SOFT,13
2024,1,RIC,2.0,HARD,22
2024,1,RIC,3.0,SOFT,21
2024,1,RUS,1.0,SOFT,11
2024,1,RUS,2.0,HARD,20
2024,1,RUS,3.0,HARD,26
2024,1,SAI,1.0,SOFT,14
2024,1,SAI,2.0,HARD,21
2024,1,SAI,3.0,HARD,22
2024,1,SAR,1.0,SOFT,10
2024,1,SAR,2.0,HARD,18
2024,1,SAR,3.0,HARD,12
2024,1,SAR,4.0,SOFT,15
2024,1,STR,1.0,SOFT,9
2024,1,STR,2.0,HARD,18
2024,1,STR,3.0,HARD,30
2024,1,TSU,1.0,SOFT,14
2024,1,TSU,2.0,HARD,20
2024,1,TSU,3.0,HARD,22
2024,1,VER,1.0,SOFT,17
2024,1,VER,2.0,HARD,20
2024,1,VER,3.0,SOFT,20
2024,1,ZHO,1.0,SOFT,9
2024,1,ZHO,2.0,HARD,19
2024,1,ZHO,3.0,HARD,28
2024,2,ALB,1.0,MEDIUM,7
2024,2,ALB,2.0,HARD,43
2024,2,ALO,1.0,MEDIUM,7
2024,2,ALO,2.0,HARD,43
2024,2,BEA,1.0,SOFT,7
2024,2,BEA,2.0,HARD,43
2024,2,BOT,1.0,SOFT,7
2024,2,BOT,2.0,HARD,28
2024,2,BOT,3.0,SOFT,14
2024,2,GAS,1.0,MEDIUM,1
2024,2,HAM,1.0,MEDIUM,36
2024,2,HAM,2.0,SOFT,14
2024,2,HUL,1.0,MEDIUM,33
2024,2,HUL,2.0,HARD,17
2024,2,LEC,1.0,MEDIUM,7
2024,2,LEC,2.0,HARD,43
2024,2,MAG,1.0,MEDIUM,7
2024,2,MAG,2.0,HARD,43
2024,2,NOR,1.0,MEDIUM,37
2024,2,NOR,2.0,SOFT,13
2024,2,OCO,1.0,MEDIUM,7
2024,2,OCO,2.0,HARD,42
2024,2,PER,1.0,MEDIUM,7
2024,2,PER,2.0,HARD,43
2024,2,PIA,1.0,MEDIUM,7
2024,2,PIA,2.0,HARD,43
2024,2,RIC,1.0,MEDIUM,7
2024,2,RIC,2.0,HARD,42
2024,2,RUS,1.0,MEDIUM,7
2024,2,RUS,2.0,HARD,43
2024,2,SAR,1.0,MEDIUM,7
2024,2,SAR,2.0,HARD,42
2024,2,STR,1.0,MEDIUM,6
2024,2,TSU,1.0,MEDIUM,7
2024,2,TSU,2.0,HARD,42
2024,2,VER,1.0,MEDIUM,7
2024,2,VER,2.0,HARD,43
2024,2,ZHO,1.0,MEDIUM,41
2024,2,ZHO,2.0,SOFT,8
2024,3,ALB,1.0,MEDIUM,6
2024,3,ALB,2.0,HARD,21
2024,3,ALB,3.0,HARD,30
2024,3,ALO,1.0,HARD,17
2024,3,ALO,2.0,MEDIUM,24
2024,3,ALO,3.0,HARD,17
2024,3,BOT,1.0,MEDIUM,8
2024,3,BOT,2.0,HARD,28
2024,3,BOT,3.0,HARD,21
2024,3,GAS,1.0,MEDIUM,17
2024,3,GAS,2.0,HARD,24
2024,3,GAS,3.0,HARD,16
2024,3,HAM,1.0,SOFT,7
2024,3,HAM,2.0,HARD,9
2024,3,HUL,1.0,HARD,17
2024,3,HUL,2.0,MEDIUM,18
2024,3,HUL,3.0,HARD,23
2024,3,LEC,1.0,MEDIUM,9
2024,3,LEC,2.0,HARD,25
2024,3,LEC,3.0,HARD,24
2024,3,MAG,1.0,MEDIUM,7
2024,3,MAG,2.0,HARD,26
2024,3,MAG,3.0,HARD,24
2024,3,NOR,1.0,MEDIUM,14
2024,3,NOR,2.0,HARD,26
2024,3,NOR,3.0,HARD,18
2024,3,OCO,1.0,MEDIUM,9
2024,3,OCO,2.0,HARD,7
2024,3,OCO,3.0,HARD,26
2024,3,OCO,4.0,HARD,15
2024,3,PER,1.0,MEDIUM,14
2024,3,PER,2.0,HARD,21
2024,3,PER,3.0,HARD,23
2024,3,PIA,1.0,MEDIUM,9
2024,3,PIA,2.0,HARD,30
2024,3,PIA,3.0,HARD,19
2024,3,RIC,1.0,SOFT,5
2024,3,RIC,2.0,HARD,24
2024,3,RIC,3.0,HARD,28
2024,3,RUS,1.0,MEDIUM,8
2024,3,RUS,2.0,HARD,37
2024,3,RUS,3.0,HARD,12
2024,3,SAI,1.0,MEDIUM,16
2024,3,SAI,2.0,HARD,25
2024,3,SAI,3.0,HARD,17
2024,3,STR,1.0,MEDIUM,8
2024,3,STR,2.0,HARD,29
2024,3,STR,3.0,HARD,21
2024,3,TSU,1.0,MEDIUM,9
2024,3,TSU,2.0,HARD,27
2024,3,TSU,3.0,HARD,22
2024,3,VER,1.0,MEDIUM,4
2024,3,ZHO,1.0,SOFT,6
2024,3,ZHO,2.0,HARD,29
2024,3,ZHO,3.0,HARD,22
2024,4,ALB,1.0,SOFT,1
2024,4,ALO,1.0,SOFT,1
2024,4,ALO,2.0,SOFT,12
2024,4,ALO,3.0,MEDIUM,20
2024,4,ALO,4.0,HARD,20
2024,4,BOT,1.0,SOFT,1
2024,4,BOT,2.0,SOFT,5
2024,4,BOT,3.0,HARD,16
2024,4,BOT,4.0,HARD,30
2024,4,GAS,1.0,SOFT,1
2024,4,GAS,2.0,HARD,15
2024,4,GAS,3.0,MEDIUM,16
2024,4,GAS,4.0,HARD,20
2024,4,HAM,1.0,MEDIUM,1
2024,4,HAM,2.0,HARD,22
2024,4,HAM,3.0,HARD,16
2024,4,HAM,4.0,MEDIUM,14
2024,4,HUL,1.0,SOFT,1
2024,4,HUL,2.0,SOFT,4
2024,4,HUL,3.0,HARD,28
2024,4,HUL,4.0,HARD,19
2024,4,LEC,1.0,MEDIUM,1
2024,4,LEC,2.0,MEDIUM,25
2024,4,LEC,3.0,HARD,27
2024,4,MAG,1.0,MEDIUM,1
2024,4,MAG,2.0,MEDIUM,21
2024,4,MAG,3.0,HARD,30
2024,4,NOR,1.0,MEDIUM,1
2024,4,NOR,2.0,MEDIUM,10
2024,4,NOR,3.0,HARD,15
2024,4,NOR,4.0,HARD,27
2024,4,OCO,1.0,SOFT,1
2024,4,OCO,2.0,HARD,18
2024,4,OCO,3.0,HARD,14
2024,4,OCO,4.0,MEDIUM,19
2024,4,PER,1.0,MEDIUM,1
2024,4,PER,2.0,MEDIUM,14
2024,4,PER,3.0,MEDIUM,18
2024,4,PER,4.0,HARD,20
2024,4,PIA,1.0,MEDIUM,1
2024,4,PIA,2.0,MEDIUM,11
2024,4,PIA,3.0,HARD,20
2024,4,PIA,4.0,HARD,21
2024,4,RIC,1.0,MEDIUM,1
2024,4,RUS,1.0,MEDIUM,1
2024,4,RUS,2.0,HARD,21
2024,4,RUS,3.0,HARD,15
2024,4,RUS,4.0,MEDIUM,16
2024,4,SAI,1.0,MEDIUM,1
2024,4,SAI,2.0,MEDIUM,14
2024,4,SAI,3.0,MEDIUM,21
2024,4,SAI,4.0,HARD,17
2024,4,SAR,1.0,SOFT,1
2024,4,SAR,2.0,HARD,21
2024,4,SAR,3.0,HARD,12
2024,4,SAR,4.0,MEDIUM,7
2024,4,SAR,5.0,SOFT,11
2024,4,STR,1.0,SOFT,1
2024,4,STR,2.0,SOFT,11
2024,4,STR,3.0,MEDIUM,10
2024,4,STR,4.0,HARD,12
2024,4,STR,5.0,SOFT,18
2024,4,TSU,1.0,MEDIUM,1
2024,4,TSU,2.0,SOFT,6
2024,4,TSU,3.0,HARD,15
2024,4,TSU,4.0,HARD,30
2024,4,VER,1.0,MEDIUM,1
2024,4,VER,2.0,MEDIUM,15
2024,4,VER,3.0,MEDIUM,18
2024,4,VER,4.0,HARD,19
2024,4,ZHO,1.0,MEDIUM,1
2024,4,ZHO,2.0,SOFT,6
2024,4,ZHO,3.0,HARD,4
2024,4,ZHO,4.0,HARD,1
2024,5,ALB,1.0,MEDIUM,9
2024,5,ALB,2.0,MEDIUM,14
2024,5,ALB,3.0,HARD,33
2024,5,ALO,1.0,MEDIUM,11
2024,5,ALO,2.0,HARD,12
2024,5,ALO,3.0,SOFT,20
2024,5,ALO,4.0,MEDIUM,13
2024,5,BOT,1.0,MEDIUM,9
2024,5,BOT,2.0,HARD,11
2024,5,GAS,1.0,MEDIUM,11
2024,5,GAS,2.0,HARD,12
2024,5,GAS,3.0,HARD,15
2024,5,GAS,4.0,MEDIUM,18
2024,5,HAM,1.0,SOFT,9
2024,5,HAM,2.0,MEDIUM,12
2024,5,HAM,3.0,HARD,35
2024,5,HUL,1.0,MEDIUM,8
2024,5,HUL,2.0,HARD,15
2024,5,HUL,3.0,HARD,33
2024,5,LEC,1.0,MEDIUM,21
2024,5,LEC,2.0,HARD,35
2024,5,MAG,1.0,HARD,17
2024,5,MAG,2.0,HARD,10
2024,5,MAG,3.0,MEDIUM,29
2024,5,NOR,1.0,MEDIUM,22
2024,5,NOR,2.0,HARD,34
2024,5,OCO,1.0,MEDIUM,9
2024,5,OCO,2.0,HARD,14
2024,5,OCO,3.0,HARD,33
2024,5,PER,1.0,MEDIUM,13
2024,5,PER,2.0,HARD,10
2024,5,PER,3.0,HARD,33
2024,5,PIA,1.0,MEDIUM,16
2024,5,PIA,2.0,MEDIUM,8
2024,5,PIA,3.0,HARD,32
2024,5,RIC,1.0,MEDIUM,14
2024,5,RIC,2.0,MEDIUM,19
2024,5,RUS,1.0,MEDIUM,11
2024,5,RUS,2.0,MEDIUM,12
2024,5,RUS,3.0,HARD,33
2024,5,SAI,1.0,MEDIUM,17
2024,5,SAI,2.0,HARD,39
2024,5,SAR,1.0,SOFT,12
2024,5,SAR,2.0,MEDIUM,12
2024,5,SAR,3.0,HARD,32
2024,5,STR,1.0,SOFT,9
2024,5,STR,2.0,MEDIUM,12
2024,5,STR,3.0,HARD,5
2024,5,STR,4.0,MEDIUM,9
2024,5,STR,5.0,HARD,21
2024,5,TSU,1.0,SOFT,8
2024,5,TSU,2.0,MEDIUM,15
2024,5,TSU,3.0,HARD,4
2024,5,VER,1.0,MEDIUM,13
2024,5,VER,2.0,HARD,10
2024,5,VER,3.0,HARD,33
2024,5,ZHO,1.0,MEDIUM,8
2024,5,ZHO,2.0,HARD,15
2024,5,ZHO,3.0,HARD,17
2024,5,ZHO,4.0,SOFT,16
2024,6,ALB,1.0,MEDIUM,10
2024,6,ALB,2.0,HARD,43
2024,6,ALB,3.0,SOFT,4
2024,6,ALO,1.0,HARD,22
2024,6,ALO,2.0,MEDIUM,35
2024,6,BOT,1.0,SOFT,11
2024,6,BOT,2.0,HARD,18
2024,6,BOT,3.0,MEDIUM,28
2024,6,GAS,1.0,MEDIUM,12
2024,6,GAS,2.0,HARD,45
2024,6,HAM,1.0,HARD,26
2024,6,HAM,2.0,MEDIUM,31
2024,6,HUL,1.0,MEDIUM,12
2024,6,HUL,2.0,HARD,16
2024,6,HUL,3.0,MEDIUM,29
2024,6,LEC,1.0,MEDIUM,19
2024,6,LEC,2.0,HARD,38
2024,6,MAG,1.0,HARD,22
2024,6,MAG,2.0,MEDIUM,6
2024,6,MAG,3.0,MEDIUM,3
2024,6,MAG,4.0,MEDIUM,26
2024,6,NOR,1.0,MEDIUM,29
2024,6,NOR,2.0,HARD,28
2024,6,OCO,1.0,MEDIUM,22
2024,6,OCO,2.0,HARD,35
2024,6,PER,1.0,MEDIUM,17
2024,6,PER,2.0,HARD,11
2024,6,PER,3.0,MEDIUM,29
2024,6,PIA,1.0,MEDIUM,27
2024,6,PIA,2.0,HARD,13
2024,6,PIA,3.0,MEDIUM,17
2024,6,RIC,1.0,HARD,28
2024,6,RIC,2.0,MEDIUM,29
2024,6,RUS,1.0,MEDIUM,24
2024,6,RUS,2.0,HARD,33
2024,6,SAI,1.0,MEDIUM,27
2024,6,SAI,2.0,HARD,30
2024,6,SAR,1.0,MEDIUM,11
2024,6,SAR,2.0,HARD,17
2024,6,STR,1.0,MEDIUM,11
2024,6,STR,2.0,HARD,17
2024,6,STR,3.0,MEDIUM,29
2024,6,TSU,1.0,MEDIUM,28
2024,6,TSU,2.0,HARD,29
2024,6,VER,1.0,MEDIUM,23
2024,6,VER,2.0,HARD,34
2024,6,ZHO,1.0,MEDIUM,28
2024,6,ZHO,2.0,SOFT,29
2024,7,ALB,1.0,MEDIUM,8
2024,7,ALB,2.0,HARD,1
2024,7,ALB,3.0,MEDIUM,14
2024,7,ALB,4.0,MEDIUM,5
2024,7,ALB,5.0,MEDIUM,23
2024,7,ALO,1.0,SOFT,7
2024,7,ALO,2.0,HARD,33
2024,7,ALO,3.0,MEDIUM,19
2024,7,ALO,4.0,SOFT,3
2024,7,BOT,1.0,MEDIUM,8
2024,7,BOT,2.0,HARD,54
2024,7,GAS,1.0,SOFT,8
2024,7,GAS,2.0,HARD,22
2024,7,GAS,3.0,MEDIUM,32
2024,7,HAM,1.0,MEDIUM,27
2024,7,HAM,2.0,HARD,36
2024,7,HUL,1.0,MEDIUM,13
2024,7,HUL,2.0,HARD,49
2024,7,LEC,1.0,MEDIUM,25
2024,7,LEC,2.0,HARD,38
2024,7,MAG,1.0,MEDIUM,37
2024,7,MAG,2.0,HARD,25
2024,7,NOR,1.0,MEDIUM,22
2024,7,NOR,2.0,HARD,41
2024,7,OCO,1.0,MEDIUM,25
2024,7,OCO,2.0,HARD,37
2024,7,PER,1.0,HARD,37
2024,7,PER,2.0,MEDIUM,26
2024,7,PIA,1.0,MEDIUM,23
2024,7,PIA,2.0,HARD,40
2024,7,RIC,1.0,MEDIUM,11
2024,7,RIC,2.0,HARD,51
2024,7,RUS,1.0,MEDIUM,21
2024,7,RUS,2.0,HARD,31
2024,7,RUS,3.0,MEDIUM,11
2024,7,SAI,1.0,MEDIUM,27
2024,7,SAI,2.0,HARD,36
2024,7,SAR,1.0,HARD,31
2024,7,SAR,2.0,MEDIUM,31
2024,7,STR,1.0,MEDIUM,37
2024,7,STR,2.0,HARD,26
2024,7,TSU,1.0,MEDIUM,12
2024,7,TSU,2.0,HARD,50
2024,7,VER,1.0,MEDIUM,24
2024,7,VER,2.0,HARD,39
2024,7,ZHO,1.0,HARD,33
2024,7,ZHO,2.0,MEDIUM,29
2024,8,ALB,1.0,MEDIUM,1
2024,8,ALB,2.0,HARD,76
2024,8,ALO,1.0,HARD,1
2024,8,ALO,2.0,MEDIUM,75
2024,8,BOT,1.0,HARD,1
2024,8,BOT,2.0,MEDIUM,14
2024,8,BOT,3.0,HARD,61
2024,8,GAS,1.0,HARD,1
2024,8,GAS,2.0,MEDIUM,76
2024,8,HAM,1.0,HARD,1
2024,8,HAM,2.0,MEDIUM,50
2024,8,HAM,3.0,HARD,27
2024,8,HUL,1.0,MEDIUM,1
2024,8,LEC,1.0,MEDIUM,1
2024,8,LEC,2.0,HARD,77
2024,8,MAG,1.0,HARD,1
2024,8,NOR,1.0,MEDIUM,1
2024,8,NOR,2.0,HARD,77
2024,8,OCO,1.0,HARD,1
2024,8,PER,1.0,HARD,1
2024,8,PIA,1.0,MEDIUM,1
2024,8,PIA,2.0,HARD,77
2024,8,RIC,1.0,MEDIUM,1
2024,8,RIC,2.0,HARD,75
2024,8,RUS,1.0,HARD,1
2024,8,RUS,2.0,MEDIUM,77
2024,8,SAI,1.0,MEDIUM,1
2024,8,SAI,2.0,HARD,77
2024,8,SAR,1.0,HARD,1
2024,8,SAR,2.0,HARD,56
2024,8,SAR,3.0,MEDIUM,19
2024,8,STR,1.0,HARD,1
2024,8,STR,2.0,MEDIUM,41
2024,8,STR,3.0,HARD,6
2024,8,STR,4.0,SOFT,28
2024,8,TSU,1.0,MEDIUM,1
2024,8,TSU,2.0,HARD,76
2024,8,VER,1.0,HARD,1
2024,8,VER,2.0,MEDIUM,51
2024,8,VER,3.0,HARD,26
2024,8,ZHO,1.0,MEDIUM,1
2024,8,ZHO,2.0,HARD,69
2024,8,ZHO,3.0,SOFT,6
2024,9,ALB,1.0,INTERMEDIATE,25
2024,9,ALB,2.0,INTERMEDIATE,19
2024,9,ALB,3.0,MEDIUM,9
2024,9,ALO,1.0,INTERMEDIATE,25
2024,9,ALO,2.0,INTERMEDIATE,19
2024,9,ALO,3.0,HARD,26
2024,9,BOT,1.0,INTERMEDIATE,42
2024,9,BOT,2.0,MEDIUM,28
2024,9,GAS,1.0,INTERMEDIATE,25
2024,9,GAS,2.0,INTERMEDIATE,15
2024,9,GAS,3.0,HARD,30
2024,9,HAM,1.0,INTERMEDIATE,25
2024,9,HAM,2.0,INTERMEDIATE,18
2024,9,HAM,3.0,MEDIUM,11
2024,9,HAM,4.0,HARD,16
2024,9,HUL,1.0,WET,12
2024,9,HUL,2.0,INTERMEDIATE,13
2024,9,HUL,3.0,INTERMEDIATE,19
2024,9,HUL,4.0,MEDIUM,26
2024,9,LEC,1.0,INTERMEDIATE,25
2024,9,LEC,2.0,INTERMEDIATE,3
2024,9,LEC,3.0,HARD,3
2024,9,LEC,4.0,INTERMEDIATE,10
2024,9,MAG,1.0,WET,7
2024,9,MAG,2.0,INTERMEDIATE,18
2024,9,MAG,3.0,INTERMEDIATE,16
2024,9,MAG,4.0,MEDIUM,13
2024,9,MAG,5.0,MEDIUM,16
2024,9,NOR,1.0,INTERMEDIATE,26
2024,9,NOR,2.0,INTERMEDIATE,21
2024,9,NOR,3.0,MEDIUM,23
2024,9,OCO,1.0,INTERMEDIATE,44
2024,9,OCO,2.0,MEDIUM,26
2024,9,PER,1.0,INTERMEDIATE,25
2024,9,PER,2.0,INTERMEDIATE,18
2024,9,PER,3.0,MEDIUM,9
2024,9,PIA,1.0,INTERMEDIATE,25
2024,9,PIA,2.0,INTERMEDIATE,19
2024,9,PIA,3.0,MEDIUM,26
2024,9,RIC,1.0,INTERMEDIATE,26
2024,9,RIC,2.0,INTERMEDIATE,17
2024,9,RIC,3.0,MEDIUM,27
2024,9,RUS,1.0,INTERMEDIATE,25
2024,9,RUS,2.0,INTERMEDIATE,20
2024,9,RUS,3.0,HARD,9
2024,9,RUS,4.0,MEDIUM,16
2024,9,SAI,1.0,INTERMEDIATE,25
2024,9,SAI,2.0,INTERMEDIATE,18
2024,9,SAI,3.0,MEDIUM,10
2024,9,SAR,1.0,INTERMEDIATE,24
2024,9,STR,1.0,INTERMEDIATE,25
2024,9,STR,2.0,INTERMEDIATE,19
2024,9,STR,3.0,HARD,26
2024,9,TSU,1.0,INTERMEDIATE,44
2024,9,TSU,2.0,MEDIUM,26
2024,9,VER,1.0,INTERMEDIATE,25
2024,9,VER,2.0,INTERMEDIATE,20
2024,9,VER,3.0,MEDIUM,25
2024,9,ZHO,1.0,INTERMEDIATE,24
2024,9,ZHO,2.0,INTERMEDIATE,20
2024,9,ZHO,3.0,MEDIUM,8
2024,9,ZHO,4.0,MEDIUM,17
2024,10,ALB,1.0,MEDIUM,18
2024,10,ALB,2.0,SOFT,25
2024,10,ALB,3.0,SOFT,22
2024,10,ALO,1.0,SOFT,19
2024,10,ALO,2.0,MEDIUM,26
2024,10,ALO,3.0,HARD,20
2024,10,BOT,1.0,SOFT,11
2024,10,BOT,2.0,SOFT,17
2024,10,BOT,3.0,HARD,37
2024,10,GAS,1.0,SOFT,14
2024,10,GAS,2.0,MEDIUM,24
2024,10,GAS,3.0,HARD,28
2024,10,HAM,1.0,SOFT,16
2024,10,HAM,2.0,MEDIUM,27
2024,10,HAM,3.0,SOFT,23
2024,10,HUL,1.0,SOFT,12
2024,10,HUL,2.0,MEDIUM,26
2024,10,HUL,3.0,HARD,28
2024,10,LEC,1.0,SOFT,24
2024,10,LEC,2.0,MEDIUM,23
2024,10,LEC,3.0,SOFT,19
2024,10,MAG,1.0,SOFT,10
2024,10,MAG,2.0,MEDIUM,19
2024,10,MAG,3.0,HARD,36
2024,10,NOR,1.0,SOFT,23
2024,10,NOR,2.0,MEDIUM,24
2024,10,NOR,3.0,SOFT,19
2024,10,OCO,1.0,SOFT,13
2024,10,OCO,2.0,MEDIUM,24
2024,10,OCO,3.0,HARD,29
2024,10,PER,1.0,SOFT,13
2024,10,PER,2.0,SOFT,18
2024,10,PER,3.0,MEDIUM,18
2024,10,PER,4.0,SOFT,17
2024,10,PIA,1.0,SOFT,21
2024,10,PIA,2.0,MEDIUM,25
2024,10,PIA,3.0,SOFT,20
2024,10,RIC,1.0,SOFT,16
2024,10,RIC,2.0,MEDIUM,26
2024,10,RIC,3.0,HARD,23
2024,10,RUS,1.0,SOFT,15
2024,10,RUS,2.0,MEDIUM,21
2024,10,RUS,3.0,HARD,30
2024,10,SAI,1.0,SOFT,15
2024,10,SAI,2.0,MEDIUM,21
2024,10,SAI,3.0,HARD,30
2024,10,SAR,1.0,SOFT,14
2024,10,SAR,2.0,MEDIUM,20
2024,10,SAR,3.0,HARD,30
2024,10,STR,1.0,SOFT,17
2024,10,STR,2.0,MEDIUM,20
2024,10,STR,3.0,HARD,28
2024,10,TSU,1.0,SOFT,9
2024,10,TSU,2.0,MEDIUM,18
2024,10,TSU,3.0,HARD,17
2024,10,TSU,4.0,SOFT,21
2024,10,VER,1.0,SOFT,17
2024,10,VER,2.0,MEDIUM,27
2024,10,VER,3.0,SOFT,22
2024,10,ZHO,1.0,SOFT,9
2024,10,ZHO,2.0,MEDIUM,32
2024,10,ZHO,3.0,HARD,24
2024,11,ALB,1.0,MEDIUM,12
2024,11,ALB,2.0,HARD,27
2024,11,ALB,3.0,HARD,31
2024,11,ALO,1.0,MEDIUM,11
2024,11,ALO,2.0,MEDIUM,24
2024,11,ALO,3.0,HARD,33
2024,11,ALO,4.0,SOFT,2
2024,11,BOT,1.0,MEDIUM,19
2024,11,BOT,2.0,HARD,23
2024,11,BOT,3.0,HARD,28
2024,11,GAS,1.0,MEDIUM,20
2024,11,GAS,2.0,HARD,22
2024,11,GAS,3.0,MEDIUM,29
2024,11,HAM,1.0,MEDIUM,21
2024,11,HAM,2.0,HARD,32
2024,11,HAM,3.0,MEDIUM,18
2024,11,HUL,1.0,MEDIUM,11
2024,11,HUL,2.0,HARD,28
2024,11,HUL,3.0,HARD,32
2024,11,LEC,1.0,MEDIUM,1
2024,11,LEC,2.0,HARD,15
2024,11,LEC,3.0,MEDIUM,17
2024,11,LEC,4.0,MEDIUM,18
2024,11,LEC,5.0,MEDIUM,20
2024,11,MAG,1.0,MEDIUM,10
2024,11,MAG,2.0,HARD,28
2024,11,MAG,3.0,HARD,33
2024,11,NOR,1.0,MEDIUM,23
2024,11,NOR,2.0,HARD,28
2024,11,NOR,3.0,MEDIUM,13
2024,11,OCO,1.0,MEDIUM,19
2024,11,OCO,2.0,HARD,24
2024,11,OCO,3.0,MEDIUM,28
2024,11,PER,1.0,MEDIUM,21
2024,11,PER,2.0,HARD,30
2024,11,PER,3.0,MEDIUM,20
2024,11,PIA,1.0,MEDIUM,25
2024,11,PIA,2.0,HARD,26
2024,11,PIA,3.0,MEDIUM,20
2024,11,RIC,1.0,MEDIUM,10
2024,11,RIC,2.0,HARD,27
2024,11,RIC,3.0,HARD,34
2024,11,RUS,1.0,MEDIUM,22
2024,11,RUS,2.0,MEDIUM,24
2024,11,RUS,3.0,HARD,25
2024,11,SAI,1.0,MEDIUM,22
2024,11,SAI,2.0,HARD,25
2024,11,SAI,3.0,MEDIUM,24
2024,11,SAR,1.0,MEDIUM,1
2024,11,SAR,2.0,MEDIUM,19
2024,11,SAR,3.0,HARD,29
2024,11,SAR,4.0,MEDIUM,20
2024,11,STR,1.0,MEDIUM,20
2024,11,STR,2.0,MEDIUM,23
2024,11,STR,3.0,HARD,27
2024,11,TSU,1.0,MEDIUM,21
2024,11,TSU,2.0,HARD,23
2024,11,TSU,3.0,HARD,26
2024,11,VER,1.0,MEDIUM,23
2024,11,VER,2.0,HARD,28
2024,11,VER,3.0,MEDIUM,13
2024,11,VER,4.0,SOFT,7
2024,11,ZHO,1.0,HARD,28
2024,11,ZHO,2.0,MEDIUM,23
2024,11,ZHO,3.0,HARD,19
2024,12,ALB,1.0,MEDIUM,27
2024,12,ALB,2.0,INTERMEDIATE,11
2024,12,ALB,3.0,MEDIUM,14
2024,12,ALO,1.0,MEDIUM,27
2024,12,ALO,2.0,INTERMEDIATE,11
2024,12,ALO,3.0,MEDIUM,14
2024,12,BOT,1.0,MEDIUM,26
2024,12,BOT,2.0,INTERMEDIATE,11
2024,12,BOT,3.0,SOFT,14
2024,12,GAS,1.0,MEDIUM,1
2024,12,HAM,1.0,MEDIUM,27
2024,12,HAM,2.0,INTERMEDIATE,11
2024,12,HAM,3.0,SOFT,14
2024,12,HUL,1.0,MEDIUM,26
2024,12,HUL,2.0,INTERMEDIATE,13
2024,12,HUL,3.0,SOFT,13
2024,12,LEC,1.0,MEDIUM,19
2024,12,LEC,2.0,INTERMEDIATE,8
2024,12,LEC,3.0,INTERMEDIATE,10
2024,12,LEC,4.0,SOFT,14
2024,12,MAG,1.0,MEDIUM,27
2024,12,MAG,2.0,INTERMEDIATE,10
2024,12,MAG,3.0,SOFT,15
2024,12,NOR,1.0,MEDIUM,27
2024,12,NOR,2.0,INTERMEDIATE,12
2024,12,NOR,3.0,SOFT,13
2024,12,OCO,1.0,SOFT,19
2024,12,OCO,2.0,INTERMEDIATE,2
2024,12,OCO,3.0,MEDIUM,5
2024,12,OCO,4.0,INTERMEDIATE,12
2024,12,OCO,5.0,MEDIUM,12
2024,12,PER,1.0,HARD,19
2024,12,PER,2.0,INTERMEDIATE,9
2024,12,PER,3.0,INTERMEDIATE,9
2024,12,PER,4.0,MEDIUM,10
2024,12,PER,5.0,SOFT,3
2024,12,PIA,1.0,MEDIUM,28
2024,12,PIA,2.0,INTERMEDIATE,10
2024,12,PIA,3.0,MEDIUM,14
2024,12,RIC,1.0,MEDIUM,26
2024,12,RIC,2.0,INTERMEDIATE,11
2024,12,RIC,3.0,SOFT,14
2024,12,RUS,1.0,MEDIUM,27
2024,12,RUS,2.0,INTERMEDIATE,6
2024,12,SAI,1.0,MEDIUM,26
2024,12,SAI,2.0,INTERMEDIATE,13
2024,12,SAI,3.0,HARD,11
2024,12,SAI,4.0,SOFT,2
2024,12,SAR,1.0,MEDIUM,27
2024,12,SAR,2.0,INTERMEDIATE,11
2024,12,SAR,3.0,SOFT,14
2024,12,STR,1.0,MEDIUM,26
2024,12,STR,2.0,INTERMEDIATE,13
2024,12,STR,3.0,MEDIUM,13
2024,12,TSU,1.0,MEDIUM,27
2024,12,TSU,2.0,INTERMEDIATE,11
2024,12,TSU,3.0,SOFT,14
2024,12,VER,1.0,MEDIUM,26
2024,12,VER,2.0,INTERMEDIATE,12
2024,12,VER,3.0,HARD,14
2024,12,ZHO,1.0,SOFT,12
2024,12,ZHO,2.0,MEDIUM,7
2024,12,ZHO,3.0,INTERMEDIATE,7
2024,12,ZHO,4.0,INTERMEDIATE,11
2024,12,ZHO,5.0,SOFT,13
2024,13,ALB,1.0,SOFT,6
2024,13,ALB,2.0,HARD,23
2024,13,ALB,3.0,HARD,40
2024,13,ALO,1.0,SOFT,7
2024,13,ALO,2.0,MEDIUM,30
2024,13,ALO,3.0,HARD,33
2024,13,BOT,1.0,MEDIUM,16
2024,13,BOT,2.0,HARD,29
2024,13,BOT,3.0,HARD,24
2024,13,GAS,1.0,HARD,28
2024,13,GAS,2.0,MEDIUM,5
2024,13,HAM,1.0,MEDIUM,16
2024,13,HAM,2.0,HARD,24
2024,13,HAM,3.0,HARD,30
2024,13,HUL,1.0,MEDIUM,2
2024,13,HUL,2.0,HARD,27
2024,13,HUL,3.0,HARD,40
2024,13,LEC,1.0,MEDIUM,23
2024,13,LEC,2.0,HARD,17
2024,13,LEC,3.0,MEDIUM,30
2024,13,MAG,1.0,SOFT,6
2024,13,MAG,2.0,HARD,28
2024,13,MAG,3.0,HARD,35
2024,13,NOR,1.0,MEDIUM,17
2024,13,NOR,2.0,HARD,28
2024,13,NOR,3.0,MEDIUM,25
2024,13,OCO,1.0,MEDIUM,6
2024,13,OCO,2.0,HARD,24
2024,13,OCO,3.0,HARD,34
2024,13,OCO,4.0,SOFT,5
2024,13,PER,1.0,HARD,28
2024,13,PER,2.0,MEDIUM,19
2024,13,PER,3.0,MEDIUM,23
2024,13,PIA,1.0,MEDIUM,18
2024,13,PIA,2.0,HARD,29
2024,13,PIA,3.0,MEDIUM,23
2024,13,RIC,1.0,MEDIUM,7
2024,13,RIC,2.0,HARD,21
2024,13,RIC,3.0,HARD,41
2024,13,RUS,1.0,HARD,33
2024,13,RUS,2.0,MEDIUM,20
2024,13,RUS,3.0,HARD,17
2024,13,SAI,1.0,MEDIUM,21
2024,13,SAI,2.0,HARD,26
2024,13,SAI,3.0,MEDIUM,23
2024,13,SAR,1.0,MEDIUM,8
2024,13,SAR,2.0,HARD,25
2024,13,SAR,3.0,HARD,30
2024,13,SAR,4.0,SOFT,6
2024,13,STR,1.0,SOFT,14
2024,13,STR,2.0,MEDIUM,31
2024,13,STR,3.0,HARD,25
2024,13,TSU,1.0,MEDIUM,29
2024,13,TSU,2.0,HARD,41
2024,13,VER,1.0,MEDIUM,21
2024,13,VER,2.0,HARD,28
2024,13,VER,3.0,MEDIUM,21
2024,13,ZHO,1.0,MEDIUM,7
2024,13,ZHO,2.0,HARD,29
2024,13,ZHO,3.0,HARD,33
2024,14,ALB,1.0,MEDIUM,8
2024,14,ALB,2.0,MEDIUM,15
2024,14,ALB,3.0,HARD,21
2024,14,ALO,1.0,MEDIUM,13
2024,14,ALO,2.0,HARD,31
2024,14,BOT,1.0,MEDIUM,11
2024,14,BOT,2.0,HARD,24
2024,14,BOT,3.0,MEDIUM,9
2024,14,GAS,1.0,MEDIUM,9
2024,14,GAS,2.0,HARD,19
2024,14,GAS,3.0,HARD,16
2024,14,HAM,1.0,MEDIUM,11
2024,14,HAM,2.0,HARD,15
2024,14,HAM,3.0,HARD,18
2024,14,HUL,1.0,MEDIUM,7
2024,14,HUL,2.0,HARD,13
2024,14,HUL,3.0,MEDIUM,24
2024,14,LEC,1.0,MEDIUM,12
2024,14,LEC,2.0,HARD,13
2024,14,LEC,3.0,HARD,19
2024,14,MAG,1.0,MEDIUM,17
2024,14,MAG,2.0,HARD,27
2024,14,NOR,1.0,MEDIUM,15
2024,14,NOR,2.0,HARD,14
2024,14,NOR,3.0,HARD,15
2024,14,OCO,1.0,MEDIUM,12
2024,14,OCO,2.0,HARD,18
2024,14,OCO,3.0,HARD,14
2024,14,PER,1.0,MEDIUM,11
2024,14,PER,2.0,MEDIUM,10
2024,14,PER,3.0,HARD,21
2024,14,PER,4.0,SOFT,2
2024,14,PIA,1.0,MEDIUM,11
2024,14,PIA,2.0,HARD,19
2024,14,PIA,3.0,HARD,14
2024,14,RIC,1.0,SOFT,8
2024,14,RIC,2.0,MEDIUM,13
2024,14,RIC,3.0,HARD,23
2024,14,RUS,1.0,MEDIUM,10
2024,14,RUS,2.0,HARD,34
2024,14,SAI,1.0,HARD,20
2024,14,SAI,2.0,MEDIUM,8
2024,14,SAI,3.0,HARD,16
2024,14,SAR,1.0,MEDIUM,8
2024,14,SAR,2.0,MEDIUM,16
2024,14,SAR,3.0,HARD,20
2024,14,STR,1.0,MEDIUM,12
2024,14,STR,2.0,HARD,32
2024,14,TSU,1.0,MEDIUM,15
2024,14,TSU,2.0,HARD,29
2024,14,VER,1.0,MEDIUM,10
2024,14,VER,2.0,HARD,18
2024,14,VER,3.0,MEDIUM,16
2024,14,ZHO,1.0,HARD,5
2024,15,ALB,1.0,MEDIUM,12
2024,15,ALB,2.0,HARD,42
2024,15,ALB,3.0,MEDIUM,17
2024,15,ALO,1.0,MEDIUM,31
2024,15,ALO,2.0,HARD,40
2024,15,BOT,1.0,SOFT,15
2024,15,BOT,2.0,HARD,28
2024,15,BOT,3.0,MEDIUM,27
2024,15,GAS,1.0,MEDIUM,32
2024,15,GAS,2.0,HARD,39
2024,15,HAM,1.0,SOFT,23
2024,15,HAM,2.0,HARD,25
2024,15,HAM,3.0,SOFT,24
2024,15,HUL,1.0,MEDIUM,14
2024,15,HUL,2.0,HARD,57
2024,15,LEC,1.0,MEDIUM,24
2024,15,LEC,2.0,HARD,48
2024,15,MAG,1.0,HARD,40
2024,15,MAG,2.0,MEDIUM,31
2024,15,NOR,1.0,MEDIUM,28
2024,15,NOR,2.0,HARD,44
2024,15,OCO,1.0,MEDIUM,30
2024,15,OCO,2.0,HARD,41
2024,15,PER,1.0,MEDIUM,29
2024,15,PER,2.0,HARD,43
2024,15,PIA,1.0,MEDIUM,33
2024,15,PIA,2.0,HARD,39
2024,15,RIC,1.0,MEDIUM,29
2024,15,RIC,2.0,HARD,42
2024,15,RUS,1.0,MEDIUM,25
2024,15,RUS,2.0,HARD,29
2024,15,RUS,3.0,SOFT,18
2024,15,SAI,1.0,MEDIUM,30
2024,15,SAI,2.0,HARD,42
2024,15,SAR,1.0,MEDIUM,22
2024,15,SAR,2.0,HARD,49
2024,15,STR,1.0,MEDIUM,30
2024,15,STR,2.0,HARD,41
2024,15,TSU,1.0,SOFT,14
2024,15,TSU,2.0,MEDIUM,18
2024,15,TSU,3.0,HARD,39
2024,15,VER,1.0,MEDIUM,27
2024,15,VER,2.0,HARD,45
2024,15,ZHO,1.0,MEDIUM,18
2024,15,ZHO,2.0,HARD,33
2024,15,ZHO,3.0,SOFT,19
2024,16,ALB,1.0,MEDIUM,17
2024,16,ALB,2.0,HARD,36
2024,16,ALO,1.0,MEDIUM,12
2024,16,ALO,2.0,HARD,23
2024,16,ALO,3.0,HARD,18
2024,16,BOT,1.0,HARD,33
2024,16,BOT,2.0,MEDIUM,19
2024,16,COL,1.0,MEDIUM,16
2024,16,COL,2.0,HARD,37
2024,16,GAS,1.0,MEDIUM,10
2024,16,GAS,2.0,HARD,20
2024,16,GAS,3.0,HARD,22
2024,16,HAM,1.0,MEDIUM,15
2024,16,HAM,2.0,HARD,22
2024,16,HAM,3.0,HARD,16
2024,16,HUL,1.0,MEDIUM,5
2024,16,HUL,2.0,HARD,27
2024,16,HUL,3.0,HARD,20
2024,16,LEC,1.0,MEDIUM,15
2024,16,LEC,2.0,HARD,38
2024,16,MAG,1.0,MEDIUM,14
2024,16,MAG,2.0,HARD,39
2024,16,NOR,1.0,MEDIUM,14
2024,16,NOR,2.0,HARD,18
2024,16,NOR,3.0,HARD,21
2024,16,OCO,1.0,HARD,31
2024,16,OCO,2.0,MEDIUM,21
2024,16,PER,1.0,HARD,23
2024,16,PER,2.0,HARD,12
2024,16,PER,3.0,MEDIUM,18
2024,16,PIA,1.0,MEDIUM,16
2024,16,PIA,2.0,HARD,22
2024,16,PIA,3.0,HARD,15
2024,16,RIC,1.0,MEDIUM,11
2024,16,RIC,2.0,HARD,42
2024,16,RUS,1.0,MEDIUM,11
2024,16,RUS,2.0,HARD,22
2024,16,RUS,3.0,HARD,20
2024,16,SAI,1.0,MEDIUM,19
2024,16,SAI,2.0,HARD,34
2024,16,STR,1.0,HARD,19
2024,16,STR,2.0,HARD,17
2024,16,STR,3.0,MEDIUM,14
2024,16,STR,4.0,SOFT,2
2024,16,TSU,1.0,HARD,7
2024,16,VER,1.0,HARD,22
2024,16,VER,2.0,HARD,19
2024,16,VER,3.0,MEDIUM,12
2024,16,ZHO,1.0,MEDIUM,15
2024,16,ZHO,2.0,HARD,37
2024,17,ALB,1.0,HARD,31
2024,17,ALB,2.0,MEDIUM,20
2024,17,ALO,1.0,MEDIUM,11
2024,17,ALO,2.0,HARD,40
2024,17,BEA,1.0,MEDIUM,14
2024,17,BEA,2.0,HARD,37
2024,17,BOT,1.0,MEDIUM,11
2024,17,BOT,2.0,HARD,39
2024,17,COL,1.0,MEDIUM,10
2024,17,COL,2.0,HARD,41
2024,17,GAS,1.0,HARD,50
2024,17,GAS,2.0,SOFT,1
2024,17,HAM,1.0,MEDIUM,12
2024,17,HAM,2.0,HARD,39
2024,17,HUL,1.0,MEDIUM,15
2024,17,HUL,2.0,HARD,36
2024,17,LEC,1.0,MEDIUM,16
2024,17,LEC,2.0,HARD,35
2024,17,NOR,1.0,HARD,37
2024,17,NOR,2.0,MEDIUM,14
2024,17,OCO,1.0,HARD,49
2024,17,OCO,2.0,SOFT,1
2024,17,PER,1.0,MEDIUM,13
2024,17,PER,2.0,HARD,37
2024,17,PIA,1.0,MEDIUM,15
2024,17,PIA,2.0,HARD,36
2024,17,RIC,1.0,HARD,49
2024,17,RIC,2.0,SOFT,2
2024,17,RUS,1.0,MEDIUM,12
2024,17,RUS,2.0,HARD,39
2024,17,SAI,1.0,MEDIUM,17
2024,17,SAI,2.0,HARD,33
2024,17,STR,1.0,MEDIUM,1
2024,17,STR,2.0,HARD,21
2024,17,STR,3.0,HARD,23
2024,17,TSU,1.0,MEDIUM,12
2024,17,TSU,2.0,HARD,2
2024,17,VER,1.0,MEDIUM,12
2024,17,VER,2.0,HARD,37
2024,17,VER,3.0,SOFT,2
2024,17,ZHO,1.0,HARD,34
2024,17,ZHO,2.0,MEDIUM,17
2024,18,ALB,1.0,MEDIUM,11
2024,18,ALB,2.0,HARD,4
2024,18,ALO,1.0,MEDIUM,25
2024,18,ALO,2.0,HARD,36
2024,18,BOT,1.0,HARD,33
2024,18,BOT,2.0,MEDIUM,28
2024,18,COL,1.0,MEDIUM,29
2024,18,COL,2.0,HARD,32
2024,18,GAS,1.0,MEDIUM,37
2024,18,GAS,2.0,SOFT,24
2024,18,HAM,1.0,SOFT,17
2024,18,HAM,2.0,HARD,45
2024,18,HUL,1.0,MEDIUM,29
2024,18,HUL,2.0,HARD,32
2024,18,LEC,1.0,MEDIUM,36
2024,18,LEC,2.0,HARD,26
2024,18,MAG,1.0,HARD,28
2024,18,MAG,2.0,MEDIUM,21
2024,18,MAG,3.0,SOFT,8
2024,18,NOR,1.0,MEDIUM,30
2024,18,NOR,2.0,HARD,32
2024,18,OCO,1.0,MEDIUM,29
2024,18,OCO,2.0,HARD,32
2024,18,PER,1.0,MEDIUM,28
2024,18,PER,2.0,HARD,33
2024,18,PIA,1.0,MEDIUM,38
2024,18,PIA,2.0,HARD,24
2024,18,RIC,1.0,SOFT,10
2024,18,RIC,2.0,MEDIUM,36
2024,18,RIC,3.0,SOFT,12
2024,18,RIC,4.0,SOFT,3
2024,18,RUS,1.0,MEDIUM,27
2024,18,RUS,2.0,HARD,35
2024,18,SAI,1.0,MEDIUM,13
2024,18,SAI,2.0,HARD,49
2024,18,STR,1.0,HARD,26
2024,18,STR,2.0,MEDIUM,35
2024,18,TSU,1.0,MEDIUM,33
2024,18,TSU,2.0,SOFT,28
2024,18,VER,1.0,MEDIUM,29
2024,18,VER,2.0,HARD,33
2024,18,ZHO,1.0,HARD,34
2024,18,ZHO,2.0,MEDIUM,27
2024,19,ALB,1.0,MEDIUM,3
2024,19,ALB,2.0,MEDIUM,30
2024,19,ALB,3.0,HARD,22
2024,19,ALO,1.0,MEDIUM,26
2024,19,ALO,2.0,HARD,29
2024,19,BOT,1.0,MEDIUM,15
2024,19,BOT,2.0,HARD,40
2024,19,COL,1.0,HARD,39
2024,19,COL,2.0,MEDIUM,17
2024,19,GAS,1.0,MEDIUM,18
2024,19,GAS,2.0,HARD,38
2024,19,HAM,1.0,HARD,2
2024,19,HUL,1.0,MEDIUM,27
2024,19,HUL,2.0,HARD,29
2024,19,LAW,1.0,HARD,36
2024,19,LAW,2.0,MEDIUM,20
2024,19,LEC,1.0,MEDIUM,26
2024,19,LEC,2.0,HARD,30
2024,19,MAG,1.0,MEDIUM,17
2024,19,MAG,2.0,HARD,21
2024,19,MAG,3.0,MEDIUM,18
2024,19,NOR,1.0,MEDIUM,31
2024,19,NOR,2.0,HARD,25
2024,19,OCO,1.0,MEDIUM,31
2024,19,OCO,2.0,HARD,20
2024,19,OCO,3.0,SOFT,4
2024,19,PER,1.0,MEDIUM,26
2024,19,PER,2.0,HARD,30
2024,19,PIA,1.0,MEDIUM,32
2024,19,PIA,2.0,HARD,24
2024,19,RUS,1.0,HARD,40
2024,19,RUS,2.0,MEDIUM,16
2024,19,SAI,1.0,MEDIUM,21
2024,19,SAI,2.0,HARD,35
2024,19,STR,1.0,HARD,27
2024,19,STR,2.0,MEDIUM,28
2024,19,TSU,1.0,MEDIUM,18
2024,19,TSU,2.0,HARD,37
2024,19,VER,1.0,MEDIUM,25
2024,19,VER,2.0,HARD,31
2024,19,ZHO,1.0,MEDIUM,13
2024,19,ZHO,2.0,MEDIUM,22
2024,19,ZHO,3.0,HARD,20
2024,20,ALB,1.0,MEDIUM,1
2024,20,ALO,1.0,MEDIUM,15
2024,20,BOT,1.0,HARD,49
2024,20,BOT,2.0,MEDIUM,21
2024,20,COL,1.0,HARD,47
2024,20,COL,2.0,MEDIUM,23
2024,20,GAS,1.0,MEDIUM,28
2024,20,GAS,2.0,HARD,42
2024,20,HAM,1.0,MEDIUM,28
2024,20,HAM,2.0,HARD,43
2024,20,HUL,1.0,MEDIUM,29
2024,20,HUL,2.0,HARD,41
2024,20,LAW,1.0,HARD,39
2024,20,LAW,2.0,MEDIUM,26
2024,20,LAW,3.0,SOFT,5
2024,20,LEC,1.0,MEDIUM,31
2024,20,LEC,2.0,HARD,38
2024,20,LEC,3.0,SOFT,2
2024,20,MAG,1.0,MEDIUM,30
2024,20,MAG,2.0,HARD,41
2024,20,NOR,1.0,MEDIUM,30
2024,20,NOR,2.0,HARD,41
2024,20,OCO,1.0,HARD,48
2024,20,OCO,2.0,MEDIUM,22
2024,20,PER,1.0,HARD,20
2024,20,PER,2.0,MEDIUM,23
2024,20,PER,3.0,MEDIUM,25
2024,20,PER,4.0,SOFT,2
2024,20,PIA,1.0,MEDIUM,39
2024,20,PIA,2.0,HARD,32
2024,20,RUS,1.0,MEDIUM,31
2024,20,RUS,2.0,HARD,40
2024,20,SAI,1.0,MEDIUM,32
2024,20,SAI,2.0,HARD,39
2024,20,STR,1.0,MEDIUM,26
2024,20,STR,2.0,HARD,44
2024,20,TSU,1.0,MEDIUM,1
2024,20,VER,1.0,MEDIUM,26
2024,20,VER,2.0,HARD,45
2024,20,ZHO,1.0,HARD,43
2024,20,ZHO,2.0,MEDIUM,27
2024,21,ALO,1.0,INTERMEDIATE,27
2024,21,ALO,2.0,INTERMEDIATE,5
2024,21,ALO,3.0,INTERMEDIATE,37
2024,21,BEA,1.0,INTERMEDIATE,27
2024,21,BEA,2.0,INTERMEDIATE,5
2024,21,BEA,3.0,INTERMEDIATE,37
2024,21,BOT,1.0,INTERMEDIATE,32
2024,21,BOT,2.0,INTERMEDIATE,37
2024,21,COL,1.0,INTERMEDIATE,26
2024,21,COL,2.0,INTERMEDIATE,4
2024,21,GAS,1.0,INTERMEDIATE,32
2024,21,GAS,2.0,INTERMEDIATE,37
2024,21,HAM,1.0,INTERMEDIATE,27
2024,21,HAM,2.0,INTERMEDIATE,5
2024,21,HAM,3.0,INTERMEDIATE,37
2024,21,HUL,1.0,INTERMEDIATE,25
2024,21,HUL,2.0,INTERMEDIATE,2
2024,21,HUL,3.0,WET,2
2024,21,HUL,4.0,INTERMEDIATE,1
2024,21,LAW,1.0,INTERMEDIATE,28
2024,21,LAW,2.0,WET,4
2024,21,LAW,3.0,INTERMEDIATE,37
2024,21,LEC,1.0,INTERMEDIATE,24
2024,21,LEC,2.0,INTERMEDIATE,8
2024,21,LEC,3.0,INTERMEDIATE,37
2024,21,NOR,1.0,INTERMEDIATE,28
2024,21,NOR,2.0,INTERMEDIATE,4
2024,21,NOR,3.0,INTERMEDIATE,37
2024,21,OCO,1.0,INTERMEDIATE,32
2024,21,OCO,2.0,INTERMEDIATE,37
2024,21,PER,1.0,INTERMEDIATE,27
2024,21,PER,2.0,WET,5
2024,21,PER,3.0,INTERMEDIATE,37
2024,21,PIA,1.0,INTERMEDIATE,27
2024,21,PIA,2.0,INTERMEDIATE,5
2024,21,PIA,3.0,INTERMEDIATE,37
2024,21,RUS,1.0,INTERMEDIATE,28
2024,21,RUS,2.0,INTERMEDIATE,4
2024,21,RUS,3.0,INTERMEDIATE,37
2024,21,SAI,1.0,INTERMEDIATE,27
2024,21,SAI,2.0,INTERMEDIATE,5
2024,21,SAI,3.0,INTERMEDIATE,7
2024,21,STR,1.0,INTERMEDIATE,1
2024,21,TSU,1.0,INTERMEDIATE,28
2024,21,TSU,2.0,WET,4
2024,21,TSU,3.0,INTERMEDIATE,37
2024,21,VER,1.0,INTERMEDIATE,32
2024,21,VER,2.0,INTERMEDIATE,37
2024,21,ZHO,1.0,INTERMEDIATE,27
2024,21,ZHO,2.0,INTERMEDIATE,1
2024,21,ZHO,3.0,WET,3
2024,21,ZHO,4.0,INTERMEDIATE,1
2024,21,ZHO,5.0,INTERMEDIATE,37
2024,22,ALB,1.0,MEDIUM,9
2024,22,ALB,2.0,HARD,16
2024,22,ALO,1.0,SOFT,4
2024,22,ALO,2.0,HARD,20
2024,22,ALO,3.0,HARD,26
2024,22,BOT,1.0,HARD,17
2024,22,BOT,2.0,MEDIUM,18
2024,22,BOT,3.0,HARD,14
2024,22,COL,1.0,HARD,16
2024,22,COL,2.0,MEDIUM,10
2024,22,COL,3.0,HARD,24
2024,22,GAS,1.0,MEDIUM,10
2024,22,GAS,2.0,HARD,5
2024,22,HAM,1.0,MEDIUM,13
2024,22,HAM,2.0,HARD,14
2024,22,HAM,3.0,HARD,23
2024,22,HUL,1.0,MEDIUM,14
2024,22,HUL,2.0,HARD,19
2024,22,HUL,3.0,HARD,17
2024,22,LAW,1.0,MEDIUM,11
2024,22,LAW,2.0,HARD,27
2024,22,LAW,3.0,HARD,12
2024,22,LEC,1.0,MEDIUM,9
2024,22,LEC,2.0,HARD,22
2024,22,LEC,3.0,HARD,19
2024,22,MAG,1.0,MEDIUM,17
2024,22,MAG,2.0,HARD,33
2024,22,NOR,1.0,MEDIUM,9
2024,22,NOR,2.0,HARD,21
2024,22,NOR,3.0,HARD,18
2024,22,NOR,4.0,SOFT,2
2024,22,OCO,1.0,MEDIUM,11
2024,22,OCO,2.0,MEDIUM,1
2024,22,OCO,3.0,HARD,33
2024,22,OCO,4.0,SOFT,4
2024,22,PER,1.0,HARD,17
2024,22,PER,2.0,MEDIUM,15
2024,22,PER,3.0,HARD,18
2024,22,PIA,1.0,MEDIUM,10
2024,22,PIA,2.0,HARD,15
2024,22,PIA,3.0,HARD,25
2024,22,RUS,1.0,MEDIUM,12
2024,22,RUS,2.0,HARD,20
2024,22,RUS,3.0,HARD,18
2024,22,SAI,1.0,MEDIUM,10
2024,22,SAI,2.0,HARD,18
2024,22,SAI,3.0,HARD,22
2024,22,STR,1.0,MEDIUM,9
2024,22,STR,2.0,HARD,19
2024,22,STR,3.0,HARD,22
2024,22,TSU,1.0,MEDIUM,10
2024,22,TSU,2.0,HARD,19
2024,22,TSU,3.0,HARD,21
2024,22,VER,1.0,MEDIUM,11
2024,22,VER,2.0,HARD,16
2024,22,VER,3.0,HARD,23
2024,22,ZHO,1.0,MEDIUM,11
2024,22,ZHO,2.0,HARD,23
2024,22,ZHO,3.0,HARD,16
2024,23,ALB,1.0,MEDIUM,35
2024,23,ALB,2.0,SOFT,1
2024,23,ALB,3.0,SOFT,1
2024,23,ALB,4.0,SOFT,18
2024,23,ALB,5.0,SOFT,1
2024,23,ALO,1.0,MEDIUM,35
2024,23,ALO,2.0,HARD,1
2024,23,ALO,3.0,MEDIUM,1
2024,23,ALO,4.0,MEDIUM,20
2024,23,BOT,1.0,MEDIUM,24
2024,23,BOT,2.0,HARD,11
2024,23,BOT,3.0,MEDIUM,1
2024,23,BOT,4.0,MEDIUM,21
2024,23,COL,1.0,UNKNOWN,1
2024,23,GAS,1.0,MEDIUM,35
2024,23,GAS,2.0,HARD,1
2024,23,GAS,3.0,HARD,1
2024,23,GAS,4.0,HARD,20
2024,23,HAM,1.0,MEDIUM,34
2024,23,HAM,2.0,HARD,1
2024,23,HAM,3.0,HARD,1
2024,23,HAM,4.0,HARD,11
2024,23,HAM,5.0,HARD,10
2024,23,HUL,1.0,HARD,1
2024,23,HUL,2.0,HARD,30
2024,23,HUL,3.0,MEDIUM,5
2024,23,HUL,4.0,MEDIUM,1
2024,23,HUL,5.0,MEDIUM,3
2024,23,LAW,1.0,MEDIUM,35
2024,23,LAW,2.0,HARD,1
2024,23,LAW,3.0,HARD,1
2024,23,LAW,4.0,HARD,3
2024,23,LAW,5.0,SOFT,17
2024,23,LEC,1.0,MEDIUM,35
2024,23,LEC,2.0,HARD,1
2024,23,LEC,3.0,HARD,1
2024,23,LEC,4.0,HARD,20
2024,23,MAG,1.0,MEDIUM,27
2024,23,MAG,2.0,HARD,9
2024,23,MAG,3.0,HARD,1
2024,23,MAG,4.0,HARD,20
2024,23,NOR,1.0,MEDIUM,35
2024,23,NOR,2.0,HARD,1
2024,23,NOR,3.0,HARD,1
2024,23,NOR,4.0,HARD,8
2024,23,NOR,5.0,HARD,12
2024,23,OCO,1.0,UNKNOWN,1
2024,23,PER,1.0,MEDIUM,35
2024,23,PER,2.0,HARD,1
2024,23,PER,3.0,HARD,1
2024,23,PER,4.0,HARD,2
2024,23,PIA,1.0,MEDIUM,34
2024,23,PIA,2.0,HARD,2
2024,23,PIA,3.0,HARD,1
2024,23,PIA,4.0,HARD,20
2024,23,RUS,1.0,MEDIUM,23
2024,23,RUS,2.0,HARD,12
2024,23,RUS,3.0,HARD,1
2024,23,RUS,4.0,HARD,1
2024,23,RUS,5.0,HARD,20
2024,23,SAI,1.0,MEDIUM,34
2024,23,SAI,2.0,HARD,2
2024,23,SAI,3.0,HARD,1
2024,23,SAI,4.0,HARD,20
2024,23,STR,1.0,MEDIUM,1
2024,23,STR,2.0,HARD,6
2024,23,STR,3.0,HARD,1
2024,23,TSU,1.0,MEDIUM,35
2024,23,TSU,2.0,HARD,1
2024,23,TSU,3.0,HARD,1
2024,23,TSU,4.0,HARD,3
2024,23,TSU,5.0,SOFT,17
2024,23,VER,1.0,MEDIUM,35
2024,23,VER,2.0,HARD,1
2024,23,VER,3.0,HARD,1
2024,23,VER,4.0,HARD,20
2024,23,ZHO,1.0,MEDIUM,35
2024,23,ZHO,2.0,HARD,1
2024,23,ZHO,3.0,HARD,1
2024,23,ZHO,4.0,HARD,20
2024,24,ALB,1.0,MEDIUM,12
2024,24,ALB,2.0,HARD,45
2024,24,ALO,1.0,MEDIUM,13
2024,24,ALO,2.0,HARD,24
2024,24,ALO,3.0,HARD,21
2024,24,BOT,1.0,MEDIUM,6
2024,24,BOT,2.0,HARD,24
2024,24,COL,1.0,MEDIUM,3
2024,24,COL,2.0,HARD,23
2024,24,DOO,1.0,MEDIUM,22
2024,24,DOO,2.0,HARD,35
2024,24,GAS,1.0,MEDIUM,14
2024,24,GAS,2.0,HARD,44
2024,24,HAM,1.0,HARD,34
2024,24,HAM,2.0,MEDIUM,24
2024,24,HUL,1.0,MEDIUM,13
2024,24,HUL,2.0,HARD,45
2024,24,LAW,1.0,MEDIUM,23
2024,24,LAW,2.0,HARD,1
2024,24,LAW,3.0,HARD,5
2024,24,LAW,4.0,HARD,27
2024,24,LEC,1.0,MEDIUM,20
2024,24,LEC,2.0,HARD,38
2024,24,MAG,1.0,MEDIUM,12
2024,24,MAG,2.0,HARD,17
2024,24,MAG,3.0,HARD,1
2024,24,MAG,4.0,SOFT,25
2024,24,MAG,5.0,SOFT,2
2024,24,NOR,1.0,MEDIUM,26
2024,24,NOR,2.0,HARD,32
2024,24,PER,1.0,MEDIUM,1
2024,24,PIA,1.0,MEDIUM,4
2024,24,PIA,2.0,HARD,28
2024,24,PIA,3.0,HARD,26
2024,24,RUS,1.0,MEDIUM,26
2024,24,RUS,2.0,HARD,32
2024,24,SAI,1.0,MEDIUM,25
2024,24,SAI,2.0,HARD,33
2024,24,STR,1.0,MEDIUM,11
2024,24,STR,2.0,HARD,21
2024,24,STR,3.0,HARD,25
2024,24,TSU,1.0,MEDIUM,22
2024,24,TSU,2.0,HARD,35
2024,24,VER,1.0,MEDIUM,29
2024,24,VER,2.0,HARD,29
2024,24,ZHO,1.0,MEDIUM,12
2024,24,ZHO,2.0,HARD,27
2024,24,ZHO,3.0,HARD,18
