Season,Round,Circuit,Driver,Constructor,Laps,Position,TotalPitStops,AvgPitStopTime,PitStops
2024,1,Bahrain International Circuit,Max Verstappen,Red Bull,57,1,2,24.636499999999998,"[{'Lap': 17, 'StopTime': 25.064}, {'Lap': 37, 'StopTime': 24.209}]"
2024,1,Bahrain International Circuit,Sergio Pérez,Red Bull,57,2,2,24.539499999999997,"[{'Lap': 12, 'StopTime': 24.516}, {'Lap': 36, 'StopTime': 24.563}]"
2024,1,Bahrain International Circuit,Carlos Sainz,Ferrari,57,3,2,24.17,"[{'Lap': 14, 'StopTime': 24.474}, {'Lap': 35, 'StopTime': 23.866}]"
2024,1,Bahrain International Circuit,Charles Leclerc,Ferrari,57,4,2,24.1025,"[{'Lap': 11, 'StopTime': 24.069}, {'Lap': 34, 'StopTime': 24.136}]"
2024,1,Bahrain International Circuit,George Russell,Mercedes,57,5,2,24.822,"[{'Lap': 11, 'StopTime': 24.778}, {'Lap': 31, 'StopTime': 24.866}]"
2024,1,Bahrain International Circuit,Lando Norris,McLaren,57,6,2,24.455,"[{'Lap': 13, 'StopTime': 24.205}, {'Lap': 33, 'StopTime': 24.705}]"
2024,1,Bahrain International Circuit,Lewis Hamilton,Mercedes,57,7,2,24.5905,"[{'Lap': 12, 'StopTime': 25.087}, {'Lap': 33, 'StopTime': 24.094}]"
2024,1,Bahrain International Circuit,Oscar Piastri,McLaren,57,8,2,25.151,"[{'Lap': 12, 'StopTime': 25.45}, {'Lap': 34, 'StopTime': 24.852}]"
2024,1,Bahrain International Circuit,Fernando Alonso,Aston Martin,57,9,2,24.9475,"[{'Lap': 15, 'StopTime': 24.786}, {'Lap': 41, 'StopTime': 25.109}]"
2024,1,Bahrain International Circuit,Lance Stroll,Aston Martin,57,10,2,24.4815,"[{'Lap': 9, 'StopTime': 24.418}, {'Lap': 27, 'StopTime': 24.545}]"
2024,1,Bahrain International Circuit,Guanyu Zhou,Sauber,56,11,2,25.151,"[{'Lap': 9, 'StopTime': 25.208}, {'Lap': 28, 'StopTime': 25.094}]"
2024,1,Bahrain International Circuit,Kevin Magnussen,Haas F1 Team,56,12,2,25.198500000000003,"[{'Lap': 11, 'StopTime': 25.951}, {'Lap': 32, 'StopTime': 24.446}]"
2024,1,Bahrain International Circuit,Daniel Ricciardo,RB F1 Team,56,13,2,24.922,"[{'Lap': 13, 'StopTime': 24.988}, {'Lap': 35, 'StopTime': 24.856}]"
2024,1,Bahrain International Circuit,Yuki Tsunoda,RB F1 Team,56,14,2,24.524,"[{'Lap': 14, 'StopTime': 24.724}, {'Lap': 34, 'StopTime': 24.324}]"
2024,1,Bahrain International Circuit,Alexander Albon,Williams,56,15,2,24.6455,"[{'Lap': 15, 'StopTime': 24.681}, {'Lap': 36, 'StopTime': 24.61}]"
2024,1,Bahrain International Circuit,Nico Hülkenberg,Haas F1 Team,56,16,3,28.586333333333332,"[{'Lap': 1, 'StopTime': 36.604}, {'Lap': 20, 'StopTime': 24.768}, {'Lap': 41, 'StopTime': 24.387}]"
2024,1,Bahrain International Circuit,Esteban Ocon,Alpine F1 Team,56,17,2,25.011,"[{'Lap': 10, 'StopTime': 24.877}, {'Lap': 30, 'StopTime': 25.145}]"
2024,1,Bahrain International Circuit,Pierre Gasly,Alpine F1 Team,56,18,3,27.227333333333334,"[{'Lap': 12, 'StopTime': 29.98}, {'Lap': 31, 'StopTime': 26.462}, {'Lap': 43, 'StopTime': 25.24}]"
2024,1,Bahrain International Circuit,Valtteri Bottas,Sauber,56,19,2,50.5965,"[{'Lap': 12, 'StopTime': 26.42}, {'Lap': 30, 'StopTime': 74.773}]"
2024,1,Bahrain International Circuit,Logan Sargeant,Williams,55,20,3,28.715,"[{'Lap': 10, 'StopTime': 35.729}, {'Lap': 28, 'StopTime': 25.07}, {'Lap': 40, 'StopTime': 25.346}]"
2024,2,Jeddah Corniche Circuit,Max Verstappen,Red Bull,50,1,1,20.607,"[{'Lap': 7, 'StopTime': 20.607}]"
2024,2,Jeddah Corniche Circuit,Sergio Pérez,Red Bull,50,2,1,22.196,"[{'Lap': 7, 'StopTime': 22.196}]"
2024,2,Jeddah Corniche Circuit,Charles Leclerc,Ferrari,50,3,1,23.419,"[{'Lap': 7, 'StopTime': 23.419}]"
2024,2,Jeddah Corniche Circuit,Oscar Piastri,McLaren,50,4,1,21.427,"[{'Lap': 7, 'StopTime': 21.427}]"
2024,2,Jeddah Corniche Circuit,Fernando Alonso,Aston Martin,50,5,1,22.129,"[{'Lap': 7, 'StopTime': 22.129}]"
2024,2,Jeddah Corniche Circuit,George Russell,Mercedes,50,6,1,21.013,"[{'Lap': 7, 'StopTime': 21.013}]"
2024,2,Jeddah Corniche Circuit,Oliver Bearman,Ferrari,50,7,1,22.457,"[{'Lap': 7, 'StopTime': 22.457}]"
2024,2,Jeddah Corniche Circuit,Lando Norris,McLaren,50,8,1,22.211,"[{'Lap': 37, 'StopTime': 22.211}]"
2024,2,Jeddah Corniche Circuit,Lewis Hamilton,Mercedes,50,9,1,20.17,"[{'Lap': 36, 'StopTime': 20.17}]"
2024,2,Jeddah Corniche Circuit,Nico Hülkenberg,Haas F1 Team,50,10,1,21.035,"[{'Lap': 33, 'StopTime': 21.035}]"
2024,2,Jeddah Corniche Circuit,Alexander Albon,Williams,50,11,1,21.723,"[{'Lap': 7, 'StopTime': 21.723}]"
2024,2,Jeddah Corniche Circuit,Kevin Magnussen,Haas F1 Team,50,12,1,21.46,"[{'Lap': 7, 'StopTime': 21.46}]"
2024,2,Jeddah Corniche Circuit,Esteban Ocon,Alpine F1 Team,49,13,1,22.502,"[{'Lap': 7, 'StopTime': 22.502}]"
2024,2,Jeddah Corniche Circuit,Logan Sargeant,Williams,49,14,1,23.645,"[{'Lap': 7, 'StopTime': 23.645}]"
2024,2,Jeddah Corniche Circuit,Yuki Tsunoda,RB F1 Team,49,15,1,21.694,"[{'Lap': 7, 'StopTime': 21.694}]"
2024,2,Jeddah Corniche Circuit,Daniel Ricciardo,RB F1 Team,49,16,1,63.364,"[{'Lap': 7, 'StopTime': 63.364}]"
2024,2,Jeddah Corniche Circuit,Valtteri Bottas,Sauber,49,17,2,23.038,"[{'Lap': 7, 'StopTime': 22.795}, {'Lap': 35, 'StopTime': 23.281}]"
2024,2,Jeddah Corniche Circuit,Guanyu Zhou,Sauber,49,18,1,46.381,"[{'Lap': 41, 'StopTime': 46.381}]"
2024,2,Jeddah Corniche Circuit,Lance Stroll,Aston Martin,5,19,0,,[]
2024,2,Jeddah Corniche Circuit,Pierre Gasly,Alpine F1 Team,1,20,0,,[]
2024,3,Albert Park Grand Prix Circuit,Carlos Sainz,Ferrari,58,1,2,17.6695,"[{'Lap': 16, 'StopTime': 17.599}, {'Lap': 41, 'StopTime': 17.74}]"
2024,3,Albert Park Grand Prix Circuit,Charles Leclerc,Ferrari,58,2,2,17.3585,"[{'Lap': 9, 'StopTime': 17.409}, {'Lap': 34, 'StopTime': 17.308}]"
2024,3,Albert Park Grand Prix Circuit,Lando Norris,McLaren,58,3,2,17.7145,"[{'Lap': 14, 'StopTime': 17.776}, {'Lap': 40, 'StopTime': 17.653}]"
2024,3,Albert Park Grand Prix Circuit,Oscar Piastri,McLaren,58,4,2,18.053,"[{'Lap': 9, 'StopTime': 17.573}, {'Lap': 39, 'StopTime': 18.533}]"
2024,3,Albert Park Grand Prix Circuit,Sergio Pérez,Red Bull,58,5,2,17.667,"[{'Lap': 14, 'StopTime': 18.112}, {'Lap': 35, 'StopTime': 17.222}]"
2024,3,Albert Park Grand Prix Circuit,Lance Stroll,Aston Martin,58,6,2,17.939,"[{'Lap': 8, 'StopTime': 17.901}, {'Lap': 37, 'StopTime': 17.977}]"
2024,3,Albert Park Grand Prix Circuit,Yuki Tsunoda,RB F1 Team,58,7,2,18.029,"[{'Lap': 9, 'StopTime': 18.523}, {'Lap': 36, 'StopTime': 17.535}]"
2024,3,Albert Park Grand Prix Circuit,Fernando Alonso,Aston Martin,58,8,2,18.0775,"[{'Lap': 17, 'StopTime': 18.16}, {'Lap': 41, 'StopTime': 17.995}]"
2024,3,Albert Park Grand Prix Circuit,Nico Hülkenberg,Haas F1 Team,58,9,2,18.2325,"[{'Lap': 17, 'StopTime': 18.32}, {'Lap': 35, 'StopTime': 18.145}]"
2024,3,Albert Park Grand Prix Circuit,Kevin Magnussen,Haas F1 Team,57,10,2,18.226,"[{'Lap': 7, 'StopTime': 18.301}, {'Lap': 33, 'StopTime': 18.151}]"
2024,3,Albert Park Grand Prix Circuit,Alexander Albon,Williams,57,11,2,17.75,"[{'Lap': 6, 'StopTime': 17.755}, {'Lap': 27, 'StopTime': 17.745}]"
2024,3,Albert Park Grand Prix Circuit,Daniel Ricciardo,RB F1 Team,57,12,2,18.008000000000003,"[{'Lap': 5, 'StopTime': 18.265}, {'Lap': 29, 'StopTime': 17.751}]"
2024,3,Albert Park Grand Prix Circuit,Pierre Gasly,Alpine F1 Team,57,13,2,18.999,"[{'Lap': 17, 'StopTime': 20.316}, {'Lap': 41, 'StopTime': 17.682}]"
2024,3,Albert Park Grand Prix Circuit,Valtteri Bottas,Sauber,57,14,2,32.9535,"[{'Lap': 8, 'StopTime': 46.969}, {'Lap': 36, 'StopTime': 18.938}]"
2024,3,Albert Park Grand Prix Circuit,Guanyu Zhou,Sauber,57,15,2,27.948999999999998,"[{'Lap': 6, 'StopTime': 19.032}, {'Lap': 35, 'StopTime': 36.866}]"
2024,3,Albert Park Grand Prix Circuit,Esteban Ocon,Alpine F1 Team,57,16,3,22.30666666666667,"[{'Lap': 9, 'StopTime': 18.287}, {'Lap': 16, 'StopTime': 30.626}, {'Lap': 42, 'StopTime': 18.007}]"
2024,3,Albert Park Grand Prix Circuit,George Russell,Mercedes,56,17,2,18.005,"[{'Lap': 8, 'StopTime': 18.046}, {'Lap': 45, 'StopTime': 17.964}]"
2024,3,Albert Park Grand Prix Circuit,Lewis Hamilton,Mercedes,15,18,1,17.596,"[{'Lap': 7, 'StopTime': 17.596}]"
2024,3,Albert Park Grand Prix Circuit,Max Verstappen,Red Bull,3,19,0,,[]
2024,4,Suzuka Circuit,Max Verstappen,Red Bull,53,1,3,540.6713333333333,"[{'Lap': 1, 'StopTime': 1575.603}, {'Lap': 16, 'StopTime': 23.177}, {'Lap': 34, 'StopTime': 23.234}]"
2024,4,Suzuka Circuit,Sergio Pérez,Red Bull,53,2,3,541.2023333333333,"[{'Lap': 1, 'StopTime': 1577.661}, {'Lap': 15, 'StopTime': 22.99}, {'Lap': 33, 'StopTime': 22.956}]"
2024,4,Suzuka Circuit,Carlos Sainz,Ferrari,53,3,3,542.2746666666666,"[{'Lap': 1, 'StopTime': 1580.097}, {'Lap': 15, 'StopTime': 23.136}, {'Lap': 36, 'StopTime': 23.591}]"
2024,4,Suzuka Circuit,Charles Leclerc,Ferrari,53,4,2,803.3090000000001,"[{'Lap': 1, 'StopTime': 1583.333}, {'Lap': 26, 'StopTime': 23.285}]"
2024,4,Suzuka Circuit,Lando Norris,McLaren,53,5,3,542.1323333333333,"[{'Lap': 1, 'StopTime': 1580.116}, {'Lap': 11, 'StopTime': 23.049}, {'Lap': 26, 'StopTime': 23.232}]"
2024,4,Suzuka Circuit,Fernando Alonso,Aston Martin,53,6,3,542.3596666666666,"[{'Lap': 1, 'StopTime': 1580.924}, {'Lap': 13, 'StopTime': 22.998}, {'Lap': 33, 'StopTime': 23.157}]"
2024,4,Suzuka Circuit,George Russell,Mercedes,53,7,3,542.602,"[{'Lap': 1, 'StopTime': 1581.238}, {'Lap': 22, 'StopTime': 23.577}, {'Lap': 37, 'StopTime': 22.991}]"
2024,4,Suzuka Circuit,Oscar Piastri,McLaren,53,8,3,542.1573333333333,"[{'Lap': 1, 'StopTime': 1580.204}, {'Lap': 12, 'StopTime': 23.42}, {'Lap': 32, 'StopTime': 22.848}]"
2024,4,Suzuka Circuit,Lewis Hamilton,Mercedes,53,9,3,542.6616666666666,"[{'Lap': 1, 'StopTime': 1580.696}, {'Lap': 23, 'StopTime': 23.333}, {'Lap': 39, 'StopTime': 23.956}]"
2024,4,Suzuka Circuit,Yuki Tsunoda,RB F1 Team,52,10,3,543.7990000000001,"[{'Lap': 1, 'StopTime': 1584.553}, {'Lap': 7, 'StopTime': 23.358}, {'Lap': 22, 'StopTime': 23.486}]"
2024,4,Suzuka Circuit,Nico Hülkenberg,Haas F1 Team,52,11,3,542.8336666666667,"[{'Lap': 1, 'StopTime': 1580.886}, {'Lap': 5, 'StopTime': 23.622}, {'Lap': 33, 'StopTime': 23.993}]"
2024,4,Suzuka Circuit,Lance Stroll,Aston Martin,52,12,4,413.85450000000003,"[{'Lap': 1, 'StopTime': 1585.911}, {'Lap': 12, 'StopTime': 23.358}, {'Lap': 22, 'StopTime': 23.238}, {'Lap': 34, 'StopTime': 22.911}]"
2024,4,Suzuka Circuit,Kevin Magnussen,Haas F1 Team,52,13,2,805.4140000000001,"[{'Lap': 1, 'StopTime': 1584.63}, {'Lap': 22, 'StopTime': 26.198}]"
2024,4,Suzuka Circuit,Valtteri Bottas,Sauber,52,14,3,544.4373333333333,"[{'Lap': 1, 'StopTime': 1582.542}, {'Lap': 6, 'StopTime': 24.824}, {'Lap': 22, 'StopTime': 25.946}]"
2024,4,Suzuka Circuit,Esteban Ocon,Alpine F1 Team,52,15,3,544.5566666666667,"[{'Lap': 1, 'StopTime': 1586.095}, {'Lap': 19, 'StopTime': 23.394}, {'Lap': 33, 'StopTime': 24.181}]"
2024,4,Suzuka Circuit,Pierre Gasly,Alpine F1 Team,52,16,3,544.5796666666666,"[{'Lap': 1, 'StopTime': 1586.793}, {'Lap': 16, 'StopTime': 23.844}, {'Lap': 32, 'StopTime': 23.102}]"
2024,4,Suzuka Circuit,Logan Sargeant,Williams,52,17,4,414.576,"[{'Lap': 1, 'StopTime': 1585.267}, {'Lap': 22, 'StopTime': 25.53}, {'Lap': 34, 'StopTime': 24.22}, {'Lap': 41, 'StopTime': 23.287}]"
2024,4,Suzuka Circuit,Guanyu Zhou,Sauber,12,18,3,544.4916666666667,"[{'Lap': 1, 'StopTime': 1582.912}, {'Lap': 7, 'StopTime': 23.91}, {'Lap': 11, 'StopTime': 26.653}]"
2024,4,Suzuka Circuit,Daniel Ricciardo,RB F1 Team,0,19,0,,[]
2024,4,Suzuka Circuit,Alexander Albon,Williams,0,20,0,,[]
2024,5,Shanghai International Circuit,Max Verstappen,Red Bull,56,1,2,22.363,"[{'Lap': 13, 'StopTime': 22.456}, {'Lap': 23, 'StopTime': 22.27}]"
2024,5,Shanghai International Circuit,Lando Norris,McLaren,56,2,1,22.161,"[{'Lap': 22, 'StopTime': 22.161}]"
2024,5,Shanghai International Circuit,Sergio Pérez,Red Bull,56,3,2,22.198999999999998,"[{'Lap': 13, 'StopTime': 22.027}, {'Lap': 23, 'StopTime': 22.371}]"
2024,5,Shanghai International Circuit,Charles Leclerc,Ferrari,56,4,1,22.36,"[{'Lap': 21, 'StopTime': 22.36}]"
2024,5,Shanghai International Circuit,Carlos Sainz,Ferrari,56,5,1,22.629,"[{'Lap': 17, 'StopTime': 22.629}]"
2024,5,Shanghai International Circuit,George Russell,Mercedes,56,6,2,22.561,"[{'Lap': 11, 'StopTime': 22.415}, {'Lap': 23, 'StopTime': 22.707}]"
2024,5,Shanghai International Circuit,Fernando Alonso,Aston Martin,56,7,3,22.971666666666668,"[{'Lap': 11, 'StopTime': 23.049}, {'Lap': 23, 'StopTime': 22.687}, {'Lap': 43, 'StopTime': 23.179}]"
2024,5,Shanghai International Circuit,Oscar Piastri,McLaren,56,8,2,22.4675,"[{'Lap': 16, 'StopTime': 22.673}, {'Lap': 24, 'StopTime': 22.262}]"
2024,5,Shanghai International Circuit,Lewis Hamilton,Mercedes,56,9,2,22.59,"[{'Lap': 9, 'StopTime': 22.518}, {'Lap': 21, 'StopTime': 22.662}]"
2024,5,Shanghai International Circuit,Nico Hülkenberg,Haas F1 Team,56,10,2,23.17,"[{'Lap': 8, 'StopTime': 23.004}, {'Lap': 23, 'StopTime': 23.336}]"
2024,5,Shanghai International Circuit,Esteban Ocon,Alpine F1 Team,56,11,2,23.182,"[{'Lap': 9, 'StopTime': 23.156}, {'Lap': 23, 'StopTime': 23.208}]"
2024,5,Shanghai International Circuit,Alexander Albon,Williams,56,12,2,23.436500000000002,"[{'Lap': 9, 'StopTime': 23.273}, {'Lap': 23, 'StopTime': 23.6}]"
2024,5,Shanghai International Circuit,Pierre Gasly,Alpine F1 Team,56,13,3,28.845,"[{'Lap': 11, 'StopTime': 39.712}, {'Lap': 23, 'StopTime': 23.987}, {'Lap': 38, 'StopTime': 22.836}]"
2024,5,Shanghai International Circuit,Guanyu Zhou,Sauber,56,14,3,24.074666666666662,"[{'Lap': 8, 'StopTime': 23.362}, {'Lap': 23, 'StopTime': 25.61}, {'Lap': 40, 'StopTime': 23.252}]"
2024,5,Shanghai International Circuit,Lance Stroll,Aston Martin,56,15,4,43.696250000000006,"[{'Lap': 9, 'StopTime': 23.823}, {'Lap': 21, 'StopTime': 22.911}, {'Lap': 26, 'StopTime': 93.274}, {'Lap': 35, 'StopTime': 34.777}]"
2024,5,Shanghai International Circuit,Kevin Magnussen,Haas F1 Team,56,16,2,24.3505,"[{'Lap': 17, 'StopTime': 22.974}, {'Lap': 27, 'StopTime': 25.727}]"
2024,5,Shanghai International Circuit,Logan Sargeant,Williams,56,17,2,22.9565,"[{'Lap': 12, 'StopTime': 23.229}, {'Lap': 24, 'StopTime': 22.684}]"
2024,5,Shanghai International Circuit,Daniel Ricciardo,RB F1 Team,33,18,1,22.598,"[{'Lap': 14, 'StopTime': 22.598}]"
2024,5,Shanghai International Circuit,Yuki Tsunoda,RB F1 Team,26,19,2,22.7735,"[{'Lap': 8, 'StopTime': 23.16}, {'Lap': 23, 'StopTime': 22.387}]"
2024,5,Shanghai International Circuit,Valtteri Bottas,Sauber,19,20,1,22.949,"[{'Lap': 9, 'StopTime': 22.949}]"
2024,6,Miami International Autodrome,Lando Norris,McLaren,57,1,1,22.041,"[{'Lap': 29, 'StopTime': 22.041}]"
2024,6,Miami International Autodrome,Max Verstappen,Red Bull,57,2,1,22.187,"[{'Lap': 23, 'StopTime': 22.187}]"
2024,6,Miami International Autodrome,Charles Leclerc,Ferrari,57,3,1,21.825,"[{'Lap': 19, 'StopTime': 21.825}]"
2024,6,Miami International Autodrome,Sergio Pérez,Red Bull,57,4,2,22.0455,"[{'Lap': 17, 'StopTime': 21.695}, {'Lap': 28, 'StopTime': 22.396}]"
2024,6,Miami International Autodrome,Carlos Sainz,Ferrari,57,5,1,22.805,"[{'Lap': 27, 'StopTime': 22.805}]"
2024,6,Miami International Autodrome,Lewis Hamilton,Mercedes,57,6,1,22.107,"[{'Lap': 26, 'StopTime': 22.107}]"
2024,6,Miami International Autodrome,Yuki Tsunoda,RB F1 Team,57,7,1,22.153,"[{'Lap': 28, 'StopTime': 22.153}]"
2024,6,Miami International Autodrome,George Russell,Mercedes,57,8,1,22.8,"[{'Lap': 24, 'StopTime': 22.8}]"
2024,6,Miami International Autodrome,Fernando Alonso,Aston Martin,57,9,1,22.374,"[{'Lap': 22, 'StopTime': 22.374}]"
2024,6,Miami International Autodrome,Esteban Ocon,Alpine F1 Team,57,10,1,22.663,"[{'Lap': 22, 'StopTime': 22.663}]"
2024,6,Miami International Autodrome,Nico Hülkenberg,Haas F1 Team,57,11,2,22.771,"[{'Lap': 12, 'StopTime': 23.055}, {'Lap': 28, 'StopTime': 22.487}]"
2024,6,Miami International Autodrome,Pierre Gasly,Alpine F1 Team,57,12,1,22.466,"[{'Lap': 12, 'StopTime': 22.466}]"
2024,6,Miami International Autodrome,Oscar Piastri,McLaren,57,13,2,26.3125,"[{'Lap': 27, 'StopTime': 22.216}, {'Lap': 40, 'StopTime': 30.409}]"
2024,6,Miami International Autodrome,Guanyu Zhou,Sauber,57,14,1,23.017,"[{'Lap': 28, 'StopTime': 23.017}]"
2024,6,Miami International Autodrome,Daniel Ricciardo,RB F1 Team,57,15,1,22.54,"[{'Lap': 28, 'StopTime': 22.54}]"
2024,6,Miami International Autodrome,Valtteri Bottas,Sauber,57,16,2,23.247500000000002,"[{'Lap': 11, 'StopTime': 23.73}, {'Lap': 29, 'StopTime': 22.765}]"
2024,6,Miami International Autodrome,Lance Stroll,Aston Martin,57,17,2,22.8345,"[{'Lap': 11, 'StopTime': 23.038}, {'Lap': 28, 'StopTime': 22.631}]"
2024,6,Miami International Autodrome,Alexander Albon,Williams,57,18,2,22.697499999999998,"[{'Lap': 10, 'StopTime': 22.828}, {'Lap': 53, 'StopTime': 22.567}]"
2024,6,Miami International Autodrome,Kevin Magnussen,Haas F1 Team,57,19,3,27.908,"[{'Lap': 22, 'StopTime': 23.265}, {'Lap': 28, 'StopTime': 29.727}, {'Lap': 31, 'StopTime': 30.732}]"
2024,6,Miami International Autodrome,Logan Sargeant,Williams,27,20,1,22.611,"[{'Lap': 11, 'StopTime': 22.611}]"
2024,7,Autodromo Enzo e Dino Ferrari,Max Verstappen,Red Bull,63,1,1,30.416,"[{'Lap': 24, 'StopTime': 30.416}]"
2024,7,Autodromo Enzo e Dino Ferrari,Lando Norris,McLaren,63,2,1,29.956,"[{'Lap': 22, 'StopTime': 29.956}]"
2024,7,Autodromo Enzo e Dino Ferrari,Charles Leclerc,Ferrari,63,3,1,30.149,"[{'Lap': 25, 'StopTime': 30.149}]"
2024,7,Autodromo Enzo e Dino Ferrari,Oscar Piastri,McLaren,63,4,1,29.77,"[{'Lap': 23, 'StopTime': 29.77}]"
2024,7,Autodromo Enzo e Dino Ferrari,Carlos Sainz,Ferrari,63,5,1,30.508,"[{'Lap': 27, 'StopTime': 30.508}]"
2024,7,Autodromo Enzo e Dino Ferrari,Lewis Hamilton,Mercedes,63,6,1,29.547,"[{'Lap': 27, 'StopTime': 29.547}]"
2024,7,Autodromo Enzo e Dino Ferrari,George Russell,Mercedes,63,7,2,29.634500000000003,"[{'Lap': 21, 'StopTime': 29.664}, {'Lap': 52, 'StopTime': 29.605}]"
2024,7,Autodromo Enzo e Dino Ferrari,Sergio Pérez,Red Bull,63,8,1,29.669,"[{'Lap': 37, 'StopTime': 29.669}]"
2024,7,Autodromo Enzo e Dino Ferrari,Lance Stroll,Aston Martin,63,9,1,29.971,"[{'Lap': 37, 'StopTime': 29.971}]"
2024,7,Autodromo Enzo e Dino Ferrari,Yuki Tsunoda,RB F1 Team,62,10,1,29.628,"[{'Lap': 12, 'StopTime': 29.628}]"
2024,7,Autodromo Enzo e Dino Ferrari,Nico Hülkenberg,Haas F1 Team,62,11,1,29.749,"[{'Lap': 13, 'StopTime': 29.749}]"
2024,7,Autodromo Enzo e Dino Ferrari,Kevin Magnussen,Haas F1 Team,62,12,1,31.302,"[{'Lap': 37, 'StopTime': 31.302}]"
2024,7,Autodromo Enzo e Dino Ferrari,Daniel Ricciardo,RB F1 Team,62,13,1,30.068,"[{'Lap': 11, 'StopTime': 30.068}]"
2024,7,Autodromo Enzo e Dino Ferrari,Esteban Ocon,Alpine F1 Team,62,14,1,30.659,"[{'Lap': 25, 'StopTime': 30.659}]"
2024,7,Autodromo Enzo e Dino Ferrari,Guanyu Zhou,Sauber,62,15,1,30.244,"[{'Lap': 33, 'StopTime': 30.244}]"
2024,7,Autodromo Enzo e Dino Ferrari,Pierre Gasly,Alpine F1 Team,62,16,2,30.3675,"[{'Lap': 8, 'StopTime': 30.081}, {'Lap': 30, 'StopTime': 30.654}]"
2024,7,Autodromo Enzo e Dino Ferrari,Logan Sargeant,Williams,62,17,1,31.085,"[{'Lap': 31, 'StopTime': 31.085}]"
2024,7,Autodromo Enzo e Dino Ferrari,Valtteri Bottas,Sauber,62,18,1,30.24,"[{'Lap': 8, 'StopTime': 30.24}]"
2024,7,Autodromo Enzo e Dino Ferrari,Fernando Alonso,Aston Martin,62,19,3,30.593999999999998,"[{'Lap': 7, 'StopTime': 31.368}, {'Lap': 40, 'StopTime': 30.483}, {'Lap': 59, 'StopTime': 29.931}]"
2024,7,Autodromo Enzo e Dino Ferrari,Alexander Albon,Williams,51,20,4,33.19325,"[{'Lap': 8, 'StopTime': 30.05}, {'Lap': 9, 'StopTime': 33.179}, {'Lap': 23, 'StopTime': 38.413}, {'Lap': 28, 'StopTime': 31.131}]"
2024,8,Circuit de Monaco,Charles Leclerc,Ferrari,78,1,1,2358.026,"[{'Lap': 1, 'StopTime': 2358.026}]"
2024,8,Circuit de Monaco,Oscar Piastri,McLaren,78,2,1,2357.645,"[{'Lap': 1, 'StopTime': 2357.645}]"
2024,8,Circuit de Monaco,Carlos Sainz,Ferrari,78,3,1,2327.072,"[{'Lap': 1, 'StopTime': 2327.072}]"
2024,8,Circuit de Monaco,Lando Norris,McLaren,78,4,1,2365.538,"[{'Lap': 1, 'StopTime': 2365.538}]"
2024,8,Circuit de Monaco,George Russell,Mercedes,78,5,1,2369.363,"[{'Lap': 1, 'StopTime': 2369.363}]"
2024,8,Circuit de Monaco,Max Verstappen,Red Bull,78,6,2,1198.2415,"[{'Lap': 1, 'StopTime': 2372.67}, {'Lap': 2, 'StopTime': 23.813}]"
2024,8,Circuit de Monaco,Lewis Hamilton,Mercedes,78,7,2,1199.8005,"[{'Lap': 1, 'StopTime': 2375.369}, {'Lap': 2, 'StopTime': 24.232}]"
2024,8,Circuit de Monaco,Yuki Tsunoda,RB F1 Team,77,8,1,2377.564,"[{'Lap': 1, 'StopTime': 2377.564}]"
2024,8,Circuit de Monaco,Alexander Albon,Williams,77,9,1,2381.39,"[{'Lap': 1, 'StopTime': 2381.39}]"
2024,8,Circuit de Monaco,Pierre Gasly,Alpine F1 Team,77,10,1,2381.893,"[{'Lap': 1, 'StopTime': 2381.893}]"
2024,8,Circuit de Monaco,Fernando Alonso,Aston Martin,76,11,1,2389.467,"[{'Lap': 1, 'StopTime': 2389.467}]"
2024,8,Circuit de Monaco,Daniel Ricciardo,RB F1 Team,76,12,1,2385.823,"[{'Lap': 1, 'StopTime': 2385.823}]"
2024,8,Circuit de Monaco,Valtteri Bottas,Sauber,76,13,2,1209.146,"[{'Lap': 1, 'StopTime': 2394.053}, {'Lap': 2, 'StopTime': 24.239}]"
2024,8,Circuit de Monaco,Lance Stroll,Aston Martin,76,14,3,811.977,"[{'Lap': 1, 'StopTime': 2383.588}, {'Lap': 2, 'StopTime': 24.132}, {'Lap': 3, 'StopTime': 28.211}]"
2024,8,Circuit de Monaco,Logan Sargeant,Williams,76,15,2,1207.992,"[{'Lap': 1, 'StopTime': 2391.6}, {'Lap': 2, 'StopTime': 24.384}]"
2024,8,Circuit de Monaco,Guanyu Zhou,Sauber,76,16,2,1205.3905000000002,"[{'Lap': 1, 'StopTime': 2386.414}, {'Lap': 2, 'StopTime': 24.367}]"
2024,8,Circuit de Monaco,Esteban Ocon,Alpine F1 Team,0,17,0,,[]
2024,8,Circuit de Monaco,Sergio Pérez,Red Bull,0,18,0,,[]
2024,8,Circuit de Monaco,Nico Hülkenberg,Haas F1 Team,0,19,0,,[]
2024,8,Circuit de Monaco,Kevin Magnussen,Haas F1 Team,0,20,0,,[]
2024,9,Circuit Gilles Villeneuve,Max Verstappen,Red Bull,70,1,2,24.276,"[{'Lap': 25, 'StopTime': 24.306}, {'Lap': 45, 'StopTime': 24.246}]"
2024,9,Circuit Gilles Villeneuve,Lando Norris,McLaren,70,2,2,23.703,"[{'Lap': 26, 'StopTime': 23.423}, {'Lap': 47, 'StopTime': 23.983}]"
2024,9,Circuit Gilles Villeneuve,George Russell,Mercedes,70,3,3,25.877333333333336,"[{'Lap': 25, 'StopTime': 24.044}, {'Lap': 45, 'StopTime': 25.431}, {'Lap': 54, 'StopTime': 28.157}]"
2024,9,Circuit Gilles Villeneuve,Lewis Hamilton,Mercedes,70,4,3,25.60166666666667,"[{'Lap': 25, 'StopTime': 23.762}, {'Lap': 43, 'StopTime': 24.226}, {'Lap': 54, 'StopTime': 28.817}]"
2024,9,Circuit Gilles Villeneuve,Oscar Piastri,McLaren,70,5,2,23.7265,"[{'Lap': 25, 'StopTime': 23.977}, {'Lap': 44, 'StopTime': 23.476}]"
2024,9,Circuit Gilles Villeneuve,Fernando Alonso,Aston Martin,70,6,2,25.067,"[{'Lap': 25, 'StopTime': 25.788}, {'Lap': 44, 'StopTime': 24.346}]"
2024,9,Circuit Gilles Villeneuve,Lance Stroll,Aston Martin,70,7,2,24.6545,"[{'Lap': 25, 'StopTime': 24.284}, {'Lap': 44, 'StopTime': 25.025}]"
2024,9,Circuit Gilles Villeneuve,Daniel Ricciardo,RB F1 Team,70,8,2,27.079,"[{'Lap': 26, 'StopTime': 30.298}, {'Lap': 43, 'StopTime': 23.86}]"
2024,9,Circuit Gilles Villeneuve,Pierre Gasly,Alpine F1 Team,70,9,2,24.6595,"[{'Lap': 25, 'StopTime': 24.911}, {'Lap': 40, 'StopTime': 24.408}]"
2024,9,Circuit Gilles Villeneuve,Esteban Ocon,Alpine F1 Team,70,10,1,24.495,"[{'Lap': 44, 'StopTime': 24.495}]"
2024,9,Circuit Gilles Villeneuve,Nico Hülkenberg,Haas F1 Team,70,11,3,24.550666666666668,"[{'Lap': 12, 'StopTime': 24.233}, {'Lap': 25, 'StopTime': 24.668}, {'Lap': 44, 'StopTime': 24.751}]"
2024,9,Circuit Gilles Villeneuve,Kevin Magnussen,Haas F1 Team,70,12,4,27.236,"[{'Lap': 7, 'StopTime': 30.472}, {'Lap': 25, 'StopTime': 26.794}, {'Lap': 41, 'StopTime': 24.833}, {'Lap': 54, 'StopTime': 26.845}]"
2024,9,Circuit Gilles Villeneuve,Valtteri Bottas,Sauber,70,13,1,24.929,"[{'Lap': 42, 'StopTime': 24.929}]"
2024,9,Circuit Gilles Villeneuve,Yuki Tsunoda,RB F1 Team,70,14,1,25.569,"[{'Lap': 44, 'StopTime': 25.569}]"
2024,9,Circuit Gilles Villeneuve,Guanyu Zhou,Sauber,69,15,3,39.845666666666666,"[{'Lap': 24, 'StopTime': 25.598}, {'Lap': 44, 'StopTime': 65.564}, {'Lap': 52, 'StopTime': 28.375}]"
2024,9,Circuit Gilles Villeneuve,Carlos Sainz,Ferrari,52,16,2,25.875500000000002,"[{'Lap': 25, 'StopTime': 27.626}, {'Lap': 43, 'StopTime': 24.125}]"
2024,9,Circuit Gilles Villeneuve,Alexander Albon,Williams,52,17,2,24.7785,"[{'Lap': 25, 'StopTime': 24.753}, {'Lap': 44, 'StopTime': 24.804}]"
2024,9,Circuit Gilles Villeneuve,Sergio Pérez,Red Bull,51,18,2,29.0925,"[{'Lap': 25, 'StopTime': 33.762}, {'Lap': 43, 'StopTime': 24.423}]"
2024,9,Circuit Gilles Villeneuve,Charles Leclerc,Ferrari,40,19,3,31.948666666666668,"[{'Lap': 25, 'StopTime': 24.031}, {'Lap': 28, 'StopTime': 47.186}, {'Lap': 31, 'StopTime': 24.629}]"
2024,9,Circuit Gilles Villeneuve,Logan Sargeant,Williams,23,20,0,,[]
2024,10,Circuit de Barcelona-Catalunya,Max Verstappen,Red Bull,66,1,2,21.942,"[{'Lap': 17, 'StopTime': 21.544}, {'Lap': 44, 'StopTime': 22.34}]"
2024,10,Circuit de Barcelona-Catalunya,Lando Norris,McLaren,66,2,2,22.124499999999998,"[{'Lap': 23, 'StopTime': 21.618}, {'Lap': 47, 'StopTime': 22.631}]"
2024,10,Circuit de Barcelona-Catalunya,Lewis Hamilton,Mercedes,66,3,2,21.7215,"[{'Lap': 16, 'StopTime': 21.84}, {'Lap': 43, 'StopTime': 21.603}]"
2024,10,Circuit de Barcelona-Catalunya,George Russell,Mercedes,66,4,2,23.8615,"[{'Lap': 15, 'StopTime': 25.023}, {'Lap': 36, 'StopTime': 22.7}]"
2024,10,Circuit de Barcelona-Catalunya,Charles Leclerc,Ferrari,66,5,2,21.942,"[{'Lap': 24, 'StopTime': 22.26}, {'Lap': 47, 'StopTime': 21.624}]"
2024,10,Circuit de Barcelona-Catalunya,Carlos Sainz,Ferrari,66,6,2,22.2215,"[{'Lap': 15, 'StopTime': 22.194}, {'Lap': 36, 'StopTime': 22.249}]"
2024,10,Circuit de Barcelona-Catalunya,Oscar Piastri,McLaren,66,7,2,22.322000000000003,"[{'Lap': 21, 'StopTime': 22.224}, {'Lap': 46, 'StopTime': 22.42}]"
2024,10,Circuit de Barcelona-Catalunya,Sergio Pérez,Red Bull,66,8,3,21.705666666666662,"[{'Lap': 13, 'StopTime': 22.181}, {'Lap': 31, 'StopTime': 21.464}, {'Lap': 49, 'StopTime': 21.472}]"
2024,10,Circuit de Barcelona-Catalunya,Pierre Gasly,Alpine F1 Team,66,9,2,23.892000000000003,"[{'Lap': 14, 'StopTime': 26.097}, {'Lap': 38, 'StopTime': 21.687}]"
2024,10,Circuit de Barcelona-Catalunya,Esteban Ocon,Alpine F1 Team,66,10,2,21.877499999999998,"[{'Lap': 13, 'StopTime': 21.834}, {'Lap': 37, 'StopTime': 21.921}]"
2024,10,Circuit de Barcelona-Catalunya,Nico Hülkenberg,Haas F1 Team,66,11,2,22.62,"[{'Lap': 12, 'StopTime': 22.722}, {'Lap': 38, 'StopTime': 22.518}]"
2024,10,Circuit de Barcelona-Catalunya,Fernando Alonso,Aston Martin,65,12,2,22.264000000000003,"[{'Lap': 19, 'StopTime': 21.957}, {'Lap': 45, 'StopTime': 22.571}]"
2024,10,Circuit de Barcelona-Catalunya,Guanyu Zhou,Sauber,65,13,2,23.387999999999998,"[{'Lap': 9, 'StopTime': 22.523}, {'Lap': 41, 'StopTime': 24.253}]"
2024,10,Circuit de Barcelona-Catalunya,Lance Stroll,Aston Martin,65,14,2,22.630499999999998,"[{'Lap': 17, 'StopTime': 21.88}, {'Lap': 37, 'StopTime': 23.381}]"
2024,10,Circuit de Barcelona-Catalunya,Daniel Ricciardo,RB F1 Team,65,15,2,22.236,"[{'Lap': 16, 'StopTime': 22.364}, {'Lap': 42, 'StopTime': 22.108}]"
2024,10,Circuit de Barcelona-Catalunya,Valtteri Bottas,Sauber,65,16,2,22.8535,"[{'Lap': 11, 'StopTime': 22.744}, {'Lap': 28, 'StopTime': 22.963}]"
2024,10,Circuit de Barcelona-Catalunya,Kevin Magnussen,Haas F1 Team,65,17,2,26.1635,"[{'Lap': 10, 'StopTime': 23.36}, {'Lap': 29, 'StopTime': 28.967}]"
2024,10,Circuit de Barcelona-Catalunya,Alexander Albon,Williams,65,18,2,22.57,"[{'Lap': 18, 'StopTime': 23.248}, {'Lap': 43, 'StopTime': 21.892}]"
2024,10,Circuit de Barcelona-Catalunya,Yuki Tsunoda,RB F1 Team,65,19,3,22.23733333333333,"[{'Lap': 9, 'StopTime': 22.064}, {'Lap': 27, 'StopTime': 22.084}, {'Lap': 44, 'StopTime': 22.564}]"
2024,10,Circuit de Barcelona-Catalunya,Logan Sargeant,Williams,64,20,2,22.4535,"[{'Lap': 14, 'StopTime': 22.401}, {'Lap': 34, 'StopTime': 22.506}]"
2024,11,Red Bull Ring,George Russell,Mercedes,71,1,2,21.451,"[{'Lap': 22, 'StopTime': 21.673}, {'Lap': 46, 'StopTime': 21.229}]"
2024,11,Red Bull Ring,Oscar Piastri,McLaren,71,2,2,20.8765,"[{'Lap': 25, 'StopTime': 20.978}, {'Lap': 51, 'StopTime': 20.775}]"
2024,11,Red Bull Ring,Carlos Sainz,Ferrari,71,3,2,21.2545,"[{'Lap': 22, 'StopTime': 21.226}, {'Lap': 47, 'StopTime': 21.283}]"
2024,11,Red Bull Ring,Lewis Hamilton,Mercedes,71,4,2,24.421999999999997,"[{'Lap': 21, 'StopTime': 21.563}, {'Lap': 53, 'StopTime': 27.281}]"
2024,11,Red Bull Ring,Max Verstappen,Red Bull,71,5,3,23.489666666666665,"[{'Lap': 23, 'StopTime': 21.899}, {'Lap': 51, 'StopTime': 25.841}, {'Lap': 64, 'StopTime': 22.729}]"
2024,11,Red Bull Ring,Nico Hülkenberg,Haas F1 Team,71,6,2,22.0845,"[{'Lap': 11, 'StopTime': 22.355}, {'Lap': 39, 'StopTime': 21.814}]"
2024,11,Red Bull Ring,Sergio Pérez,Red Bull,71,7,2,24.3955,"[{'Lap': 21, 'StopTime': 21.291}, {'Lap': 51, 'StopTime': 27.5}]"
2024,11,Red Bull Ring,Kevin Magnussen,Haas F1 Team,71,8,2,21.675,"[{'Lap': 10, 'StopTime': 21.518}, {'Lap': 38, 'StopTime': 21.832}]"
2024,11,Red Bull Ring,Daniel Ricciardo,RB F1 Team,71,9,2,21.2975,"[{'Lap': 10, 'StopTime': 21.502}, {'Lap': 37, 'StopTime': 21.093}]"
2024,11,Red Bull Ring,Pierre Gasly,Alpine F1 Team,71,10,2,21.737000000000002,"[{'Lap': 20, 'StopTime': 21.431}, {'Lap': 42, 'StopTime': 22.043}]"
2024,11,Red Bull Ring,Charles Leclerc,Ferrari,71,11,4,24.186999999999998,"[{'Lap': 1, 'StopTime': 31.917}, {'Lap': 16, 'StopTime': 21.685}, {'Lap': 33, 'StopTime': 22.243}, {'Lap': 51, 'StopTime': 20.903}]"
2024,11,Red Bull Ring,Esteban Ocon,Alpine F1 Team,71,12,2,21.761000000000003,"[{'Lap': 19, 'StopTime': 22.291}, {'Lap': 43, 'StopTime': 21.231}]"
2024,11,Red Bull Ring,Lance Stroll,Aston Martin,70,13,2,21.3505,"[{'Lap': 20, 'StopTime': 21.399}, {'Lap': 43, 'StopTime': 21.302}]"
2024,11,Red Bull Ring,Yuki Tsunoda,RB F1 Team,70,14,2,22.347,"[{'Lap': 21, 'StopTime': 21.25}, {'Lap': 44, 'StopTime': 23.444}]"
2024,11,Red Bull Ring,Alexander Albon,Williams,70,15,2,21.785,"[{'Lap': 12, 'StopTime': 21.878}, {'Lap': 39, 'StopTime': 21.692}]"
2024,11,Red Bull Ring,Valtteri Bottas,Sauber,70,16,2,21.9545,"[{'Lap': 19, 'StopTime': 21.918}, {'Lap': 42, 'StopTime': 21.991}]"
2024,11,Red Bull Ring,Guanyu Zhou,Sauber,70,17,2,22.396,"[{'Lap': 28, 'StopTime': 23.198}, {'Lap': 51, 'StopTime': 21.594}]"
2024,11,Red Bull Ring,Fernando Alonso,Aston Martin,70,18,3,25.972333333333335,"[{'Lap': 11, 'StopTime': 21.483}, {'Lap': 35, 'StopTime': 33.947}, {'Lap': 68, 'StopTime': 22.487}]"
2024,11,Red Bull Ring,Logan Sargeant,Williams,69,19,3,25.439000000000004,"[{'Lap': 1, 'StopTime': 31.722}, {'Lap': 20, 'StopTime': 22.502}, {'Lap': 49, 'StopTime': 22.093}]"
2024,11,Red Bull Ring,Lando Norris,McLaren,64,20,2,21.514000000000003,"[{'Lap': 23, 'StopTime': 21.617}, {'Lap': 51, 'StopTime': 21.411}]"
2024,12,Silverstone Circuit,Lewis Hamilton,Mercedes,52,1,2,29.4835,"[{'Lap': 27, 'StopTime': 28.929}, {'Lap': 38, 'StopTime': 30.038}]"
2024,12,Silverstone Circuit,Max Verstappen,Red Bull,52,2,2,28.7205,"[{'Lap': 26, 'StopTime': 28.365}, {'Lap': 38, 'StopTime': 29.076}]"
2024,12,Silverstone Circuit,Lando Norris,McLaren,52,3,2,29.524,"[{'Lap': 27, 'StopTime': 28.661}, {'Lap': 39, 'StopTime': 30.387}]"
2024,12,Silverstone Circuit,Oscar Piastri,McLaren,52,4,2,29.3705,"[{'Lap': 28, 'StopTime': 29.541}, {'Lap': 38, 'StopTime': 29.2}]"
2024,12,Silverstone Circuit,Carlos Sainz,Ferrari,52,5,3,29.00066666666667,"[{'Lap': 26, 'StopTime': 29.199}, {'Lap': 39, 'StopTime': 29.097}, {'Lap': 50, 'StopTime': 28.706}]"
2024,12,Silverstone Circuit,Nico Hülkenberg,Haas F1 Team,52,6,2,29.8385,"[{'Lap': 26, 'StopTime': 29.412}, {'Lap': 39, 'StopTime': 30.265}]"
2024,12,Silverstone Circuit,Lance Stroll,Aston Martin,52,7,2,29.246000000000002,"[{'Lap': 26, 'StopTime': 29.023}, {'Lap': 39, 'StopTime': 29.469}]"
2024,12,Silverstone Circuit,Fernando Alonso,Aston Martin,52,8,2,29.5135,"[{'Lap': 27, 'StopTime': 29.341}, {'Lap': 38, 'StopTime': 29.686}]"
2024,12,Silverstone Circuit,Alexander Albon,Williams,52,9,2,32.076,"[{'Lap': 27, 'StopTime': 34.742}, {'Lap': 38, 'StopTime': 29.41}]"
2024,12,Silverstone Circuit,Yuki Tsunoda,RB F1 Team,52,10,2,29.829,"[{'Lap': 27, 'StopTime': 30.0}, {'Lap': 38, 'StopTime': 29.658}]"
2024,12,Silverstone Circuit,Logan Sargeant,Williams,52,11,2,31.122500000000002,"[{'Lap': 27, 'StopTime': 32.801}, {'Lap': 38, 'StopTime': 29.444}]"
2024,12,Silverstone Circuit,Kevin Magnussen,Haas F1 Team,52,12,2,30.096,"[{'Lap': 27, 'StopTime': 30.308}, {'Lap': 37, 'StopTime': 29.884}]"
2024,12,Silverstone Circuit,Daniel Ricciardo,RB F1 Team,51,13,2,29.374000000000002,"[{'Lap': 26, 'StopTime': 28.875}, {'Lap': 37, 'StopTime': 29.873}]"
2024,12,Silverstone Circuit,Charles Leclerc,Ferrari,51,14,3,28.959999999999997,"[{'Lap': 19, 'StopTime': 28.481}, {'Lap': 27, 'StopTime': 29.233}, {'Lap': 37, 'StopTime': 29.166}]"
2024,12,Silverstone Circuit,Valtteri Bottas,Sauber,51,15,2,31.0775,"[{'Lap': 26, 'StopTime': 30.628}, {'Lap': 37, 'StopTime': 31.527}]"
2024,12,Silverstone Circuit,Esteban Ocon,Alpine F1 Team,50,16,4,28.7865,"[{'Lap': 19, 'StopTime': 28.495}, {'Lap': 21, 'StopTime': 28.276}, {'Lap': 26, 'StopTime': 29.289}, {'Lap': 38, 'StopTime': 29.086}]"
2024,12,Silverstone Circuit,Sergio Pérez,Red Bull,50,17,4,29.71875,"[{'Lap': 19, 'StopTime': 28.391}, {'Lap': 28, 'StopTime': 32.313}, {'Lap': 37, 'StopTime': 29.3}, {'Lap': 47, 'StopTime': 28.871}]"
2024,12,Silverstone Circuit,Guanyu Zhou,Sauber,50,18,4,30.306,"[{'Lap': 12, 'StopTime': 29.178}, {'Lap': 19, 'StopTime': 29.838}, {'Lap': 26, 'StopTime': 29.125}, {'Lap': 37, 'StopTime': 33.083}]"
2024,12,Silverstone Circuit,George Russell,Mercedes,33,19,1,32.045,"[{'Lap': 27, 'StopTime': 32.045}]"
2024,12,Silverstone Circuit,Pierre Gasly,Alpine F1 Team,0,20,0,,[]
2024,13,Hungaroring,Oscar Piastri,McLaren,70,1,2,21.732,"[{'Lap': 18, 'StopTime': 21.641}, {'Lap': 47, 'StopTime': 21.823}]"
2024,13,Hungaroring,Lando Norris,McLaren,70,2,2,21.555,"[{'Lap': 17, 'StopTime': 21.861}, {'Lap': 45, 'StopTime': 21.249}]"
2024,13,Hungaroring,Lewis Hamilton,Mercedes,70,3,2,21.608,"[{'Lap': 16, 'StopTime': 21.306}, {'Lap': 40, 'StopTime': 21.91}]"
2024,13,Hungaroring,Charles Leclerc,Ferrari,70,4,2,21.8085,"[{'Lap': 23, 'StopTime': 21.894}, {'Lap': 40, 'StopTime': 21.723}]"
2024,13,Hungaroring,Max Verstappen,Red Bull,70,5,2,21.7225,"[{'Lap': 21, 'StopTime': 22.101}, {'Lap': 49, 'StopTime': 21.344}]"
2024,13,Hungaroring,Carlos Sainz,Ferrari,70,6,2,21.547,"[{'Lap': 21, 'StopTime': 21.655}, {'Lap': 47, 'StopTime': 21.439}]"
2024,13,Hungaroring,Sergio Pérez,Red Bull,70,7,2,21.2255,"[{'Lap': 28, 'StopTime': 21.395}, {'Lap': 47, 'StopTime': 21.056}]"
2024,13,Hungaroring,George Russell,Mercedes,70,8,2,21.3485,"[{'Lap': 33, 'StopTime': 21.369}, {'Lap': 53, 'StopTime': 21.328}]"
2024,13,Hungaroring,Yuki Tsunoda,RB F1 Team,70,9,1,21.467,"[{'Lap': 29, 'StopTime': 21.467}]"
2024,13,Hungaroring,Lance Stroll,Aston Martin,70,10,2,22.7565,"[{'Lap': 14, 'StopTime': 23.237}, {'Lap': 45, 'StopTime': 22.276}]"
2024,13,Hungaroring,Fernando Alonso,Aston Martin,70,11,2,22.171,"[{'Lap': 7, 'StopTime': 22.542}, {'Lap': 37, 'StopTime': 21.8}]"
2024,13,Hungaroring,Daniel Ricciardo,RB F1 Team,69,12,2,21.231,"[{'Lap': 7, 'StopTime': 21.084}, {'Lap': 28, 'StopTime': 21.378}]"
2024,13,Hungaroring,Nico Hülkenberg,Haas F1 Team,69,13,2,22.3795,"[{'Lap': 2, 'StopTime': 22.287}, {'Lap': 29, 'StopTime': 22.472}]"
2024,13,Hungaroring,Alexander Albon,Williams,69,14,2,22.750500000000002,"[{'Lap': 6, 'StopTime': 22.091}, {'Lap': 29, 'StopTime': 23.41}]"
2024,13,Hungaroring,Kevin Magnussen,Haas F1 Team,69,15,2,22.201,"[{'Lap': 6, 'StopTime': 21.871}, {'Lap': 34, 'StopTime': 22.531}]"
2024,13,Hungaroring,Valtteri Bottas,Sauber,69,16,2,22.0635,"[{'Lap': 16, 'StopTime': 22.146}, {'Lap': 45, 'StopTime': 21.981}]"
2024,13,Hungaroring,Logan Sargeant,Williams,69,17,3,21.68766666666667,"[{'Lap': 8, 'StopTime': 21.757}, {'Lap': 33, 'StopTime': 21.398}, {'Lap': 63, 'StopTime': 21.908}]"
2024,13,Hungaroring,Esteban Ocon,Alpine F1 Team,69,18,3,21.534333333333333,"[{'Lap': 6, 'StopTime': 21.829}, {'Lap': 30, 'StopTime': 21.444}, {'Lap': 64, 'StopTime': 21.33}]"
2024,13,Hungaroring,Guanyu Zhou,Sauber,69,19,2,22.088,"[{'Lap': 7, 'StopTime': 21.993}, {'Lap': 36, 'StopTime': 22.183}]"
2024,13,Hungaroring,Pierre Gasly,Alpine F1 Team,33,20,1,21.405,"[{'Lap': 28, 'StopTime': 21.405}]"
2024,14,Circuit de Spa-Francorchamps,Lewis Hamilton,Mercedes,44,1,2,22.945999999999998,"[{'Lap': 11, 'StopTime': 23.188}, {'Lap': 26, 'StopTime': 22.704}]"
2024,14,Circuit de Spa-Francorchamps,Oscar Piastri,McLaren,44,2,2,23.374000000000002,"[{'Lap': 11, 'StopTime': 22.623}, {'Lap': 30, 'StopTime': 24.125}]"
2024,14,Circuit de Spa-Francorchamps,Charles Leclerc,Ferrari,44,3,2,23.136,"[{'Lap': 12, 'StopTime': 22.942}, {'Lap': 25, 'StopTime': 23.33}]"
2024,14,Circuit de Spa-Francorchamps,Max Verstappen,Red Bull,44,4,2,23.0785,"[{'Lap': 10, 'StopTime': 23.214}, {'Lap': 28, 'StopTime': 22.943}]"
2024,14,Circuit de Spa-Francorchamps,Lando Norris,McLaren,44,5,2,22.646,"[{'Lap': 15, 'StopTime': 22.682}, {'Lap': 29, 'StopTime': 22.61}]"
2024,14,Circuit de Spa-Francorchamps,Carlos Sainz,Ferrari,44,6,2,23.0845,"[{'Lap': 20, 'StopTime': 23.08}, {'Lap': 28, 'StopTime': 23.089}]"
2024,14,Circuit de Spa-Francorchamps,Sergio Pérez,Red Bull,44,7,3,22.657333333333337,"[{'Lap': 11, 'StopTime': 22.692}, {'Lap': 21, 'StopTime': 22.648}, {'Lap': 42, 'StopTime': 22.632}]"
2024,14,Circuit de Spa-Francorchamps,Fernando Alonso,Aston Martin,44,8,1,23.075,"[{'Lap': 13, 'StopTime': 23.075}]"
2024,14,Circuit de Spa-Francorchamps,Esteban Ocon,Alpine F1 Team,44,9,2,23.456,"[{'Lap': 12, 'StopTime': 23.366}, {'Lap': 30, 'StopTime': 23.546}]"
2024,14,Circuit de Spa-Francorchamps,Daniel Ricciardo,RB F1 Team,44,10,2,22.485500000000002,"[{'Lap': 8, 'StopTime': 22.643}, {'Lap': 21, 'StopTime': 22.328}]"
2024,14,Circuit de Spa-Francorchamps,Lance Stroll,Aston Martin,44,11,1,23.01,"[{'Lap': 12, 'StopTime': 23.01}]"
2024,14,Circuit de Spa-Francorchamps,Alexander Albon,Williams,44,12,2,23.376,"[{'Lap': 8, 'StopTime': 23.606}, {'Lap': 23, 'StopTime': 23.146}]"
2024,14,Circuit de Spa-Francorchamps,Pierre Gasly,Alpine F1 Team,44,13,2,22.872,"[{'Lap': 9, 'StopTime': 22.9}, {'Lap': 28, 'StopTime': 22.844}]"
2024,14,Circuit de Spa-Francorchamps,Kevin Magnussen,Haas F1 Team,44,14,1,23.619,"[{'Lap': 17, 'StopTime': 23.619}]"
2024,14,Circuit de Spa-Francorchamps,Valtteri Bottas,Sauber,44,15,2,23.048000000000002,"[{'Lap': 11, 'StopTime': 23.147}, {'Lap': 35, 'StopTime': 22.949}]"
2024,14,Circuit de Spa-Francorchamps,Yuki Tsunoda,RB F1 Team,44,16,1,23.452,"[{'Lap': 15, 'StopTime': 23.452}]"
2024,14,Circuit de Spa-Francorchamps,Logan Sargeant,Williams,44,17,2,23.515,"[{'Lap': 8, 'StopTime': 23.338}, {'Lap': 24, 'StopTime': 23.692}]"
2024,14,Circuit de Spa-Francorchamps,Nico Hülkenberg,Haas F1 Team,44,18,2,23.415,"[{'Lap': 7, 'StopTime': 23.562}, {'Lap': 20, 'StopTime': 23.268}]"
2024,14,Circuit de Spa-Francorchamps,Guanyu Zhou,Sauber,5,19,0,,[]
2024,14,Circuit de Spa-Francorchamps,George Russell,Mercedes,44,20,1,22.686,"[{'Lap': 10, 'StopTime': 22.686}]"
2024,15,Circuit Park Zandvoort,Lando Norris,McLaren,72,1,1,21.536,"[{'Lap': 28, 'StopTime': 21.536}]"
2024,15,Circuit Park Zandvoort,Max Verstappen,Red Bull,72,2,1,20.785,"[{'Lap': 27, 'StopTime': 20.785}]"
2024,15,Circuit Park Zandvoort,Charles Leclerc,Ferrari,72,3,1,20.841,"[{'Lap': 24, 'StopTime': 20.841}]"
2024,15,Circuit Park Zandvoort,Oscar Piastri,McLaren,72,4,1,20.969,"[{'Lap': 33, 'StopTime': 20.969}]"
2024,15,Circuit Park Zandvoort,Carlos Sainz,Ferrari,72,5,1,20.84,"[{'Lap': 30, 'StopTime': 20.84}]"
2024,15,Circuit Park Zandvoort,Sergio Pérez,Red Bull,72,6,1,22.934,"[{'Lap': 29, 'StopTime': 22.934}]"
2024,15,Circuit Park Zandvoort,George Russell,Mercedes,72,7,2,21.502499999999998,"[{'Lap': 25, 'StopTime': 21.846}, {'Lap': 54, 'StopTime': 21.159}]"
2024,15,Circuit Park Zandvoort,Lewis Hamilton,Mercedes,72,8,2,21.097,"[{'Lap': 23, 'StopTime': 21.168}, {'Lap': 48, 'StopTime': 21.026}]"
2024,15,Circuit Park Zandvoort,Pierre Gasly,Alpine F1 Team,71,9,1,22.646,"[{'Lap': 32, 'StopTime': 22.646}]"
2024,15,Circuit Park Zandvoort,Fernando Alonso,Aston Martin,71,10,1,21.348,"[{'Lap': 31, 'StopTime': 21.348}]"
2024,15,Circuit Park Zandvoort,Nico Hülkenberg,Haas F1 Team,71,11,1,21.619,"[{'Lap': 14, 'StopTime': 21.619}]"
2024,15,Circuit Park Zandvoort,Daniel Ricciardo,RB F1 Team,71,12,1,20.942,"[{'Lap': 29, 'StopTime': 20.942}]"
2024,15,Circuit Park Zandvoort,Lance Stroll,Aston Martin,71,13,1,21.385,"[{'Lap': 30, 'StopTime': 21.385}]"
2024,15,Circuit Park Zandvoort,Alexander Albon,Williams,71,14,2,21.137,"[{'Lap': 12, 'StopTime': 21.258}, {'Lap': 54, 'StopTime': 21.016}]"
2024,15,Circuit Park Zandvoort,Esteban Ocon,Alpine F1 Team,71,15,1,21.015,"[{'Lap': 30, 'StopTime': 21.015}]"
2024,15,Circuit Park Zandvoort,Logan Sargeant,Williams,71,16,1,22.03,"[{'Lap': 22, 'StopTime': 22.03}]"
2024,15,Circuit Park Zandvoort,Yuki Tsunoda,RB F1 Team,71,17,2,21.0645,"[{'Lap': 14, 'StopTime': 21.249}, {'Lap': 32, 'StopTime': 20.88}]"
2024,15,Circuit Park Zandvoort,Kevin Magnussen,Haas F1 Team,71,18,1,21.403,"[{'Lap': 40, 'StopTime': 21.403}]"
2024,15,Circuit Park Zandvoort,Valtteri Bottas,Sauber,70,19,2,21.183999999999997,"[{'Lap': 15, 'StopTime': 21.095}, {'Lap': 43, 'StopTime': 21.273}]"
2024,15,Circuit Park Zandvoort,Guanyu Zhou,Sauber,70,20,2,21.628999999999998,"[{'Lap': 18, 'StopTime': 21.214}, {'Lap': 51, 'StopTime': 22.044}]"
2024,16,Autodromo Nazionale di Monza,Charles Leclerc,Ferrari,53,1,1,24.551,"[{'Lap': 15, 'StopTime': 24.551}]"
2024,16,Autodromo Nazionale di Monza,Oscar Piastri,McLaren,53,2,2,24.2315,"[{'Lap': 16, 'StopTime': 23.793}, {'Lap': 38, 'StopTime': 24.67}]"
2024,16,Autodromo Nazionale di Monza,Lando Norris,McLaren,53,3,2,24.5195,"[{'Lap': 14, 'StopTime': 24.169}, {'Lap': 32, 'StopTime': 24.87}]"
2024,16,Autodromo Nazionale di Monza,Carlos Sainz,Ferrari,53,4,1,24.313,"[{'Lap': 19, 'StopTime': 24.313}]"
2024,16,Autodromo Nazionale di Monza,Lewis Hamilton,Mercedes,53,5,2,24.312,"[{'Lap': 15, 'StopTime': 24.469}, {'Lap': 37, 'StopTime': 24.155}]"
2024,16,Autodromo Nazionale di Monza,Max Verstappen,Red Bull,53,6,2,26.174,"[{'Lap': 22, 'StopTime': 28.198}, {'Lap': 41, 'StopTime': 24.15}]"
2024,16,Autodromo Nazionale di Monza,George Russell,Mercedes,53,7,2,29.496499999999997,"[{'Lap': 11, 'StopTime': 32.696}, {'Lap': 33, 'StopTime': 26.297}]"
2024,16,Autodromo Nazionale di Monza,Sergio Pérez,Red Bull,53,8,2,24.379,"[{'Lap': 23, 'StopTime': 24.728}, {'Lap': 35, 'StopTime': 24.03}]"
2024,16,Autodromo Nazionale di Monza,Alexander Albon,Williams,53,9,1,24.801,"[{'Lap': 17, 'StopTime': 24.801}]"
2024,16,Autodromo Nazionale di Monza,Kevin Magnussen,Haas F1 Team,53,10,1,25.672,"[{'Lap': 14, 'StopTime': 25.672}]"
2024,16,Autodromo Nazionale di Monza,Fernando Alonso,Aston Martin,53,11,2,24.683500000000002,"[{'Lap': 12, 'StopTime': 24.866}, {'Lap': 35, 'StopTime': 24.501}]"
2024,16,Autodromo Nazionale di Monza,Franco Colapinto,Williams,53,12,1,25.147,"[{'Lap': 16, 'StopTime': 25.147}]"
2024,16,Autodromo Nazionale di Monza,Daniel Ricciardo,RB F1 Team,53,13,1,30.317,"[{'Lap': 11, 'StopTime': 30.317}]"
2024,16,Autodromo Nazionale di Monza,Esteban Ocon,Alpine F1 Team,52,14,1,24.146,"[{'Lap': 31, 'StopTime': 24.146}]"
2024,16,Autodromo Nazionale di Monza,Pierre Gasly,Alpine F1 Team,52,15,2,24.269,"[{'Lap': 10, 'StopTime': 24.335}, {'Lap': 30, 'StopTime': 24.203}]"
2024,16,Autodromo Nazionale di Monza,Valtteri Bottas,Sauber,52,16,1,24.41,"[{'Lap': 33, 'StopTime': 24.41}]"
2024,16,Autodromo Nazionale di Monza,Nico Hülkenberg,Haas F1 Team,52,17,2,37.7255,"[{'Lap': 5, 'StopTime': 38.875}, {'Lap': 32, 'StopTime': 36.576}]"
2024,16,Autodromo Nazionale di Monza,Guanyu Zhou,Sauber,52,18,1,27.138,"[{'Lap': 15, 'StopTime': 27.138}]"
2024,16,Autodromo Nazionale di Monza,Lance Stroll,Aston Martin,52,19,3,24.819333333333333,"[{'Lap': 19, 'StopTime': 24.98}, {'Lap': 36, 'StopTime': 24.209}, {'Lap': 50, 'StopTime': 25.269}]"
2024,16,Autodromo Nazionale di Monza,Yuki Tsunoda,RB F1 Team,7,20,0,,[]
2024,17,Baku City Circuit,Oscar Piastri,McLaren,51,1,1,20.181,"[{'Lap': 15, 'StopTime': 20.181}]"
2024,17,Baku City Circuit,Charles Leclerc,Ferrari,51,2,1,20.671,"[{'Lap': 16, 'StopTime': 20.671}]"
2024,17,Baku City Circuit,George Russell,Mercedes,51,3,1,19.954,"[{'Lap': 12, 'StopTime': 19.954}]"
2024,17,Baku City Circuit,Lando Norris,McLaren,51,4,1,19.712,"[{'Lap': 37, 'StopTime': 19.712}]"
2024,17,Baku City Circuit,Max Verstappen,Red Bull,51,5,2,20.935000000000002,"[{'Lap': 12, 'StopTime': 21.145}, {'Lap': 49, 'StopTime': 20.725}]"
2024,17,Baku City Circuit,Fernando Alonso,Aston Martin,51,6,1,20.073,"[{'Lap': 11, 'StopTime': 20.073}]"
2024,17,Baku City Circuit,Alexander Albon,Williams,51,7,1,20.287,"[{'Lap': 31, 'StopTime': 20.287}]"
2024,17,Baku City Circuit,Franco Colapinto,Williams,51,8,1,20.596,"[{'Lap': 10, 'StopTime': 20.596}]"
2024,17,Baku City Circuit,Lewis Hamilton,Mercedes,51,9,1,21.289,"[{'Lap': 12, 'StopTime': 21.289}]"
2024,17,Baku City Circuit,Oliver Bearman,Haas F1 Team,51,10,1,21.276,"[{'Lap': 14, 'StopTime': 21.276}]"
2024,17,Baku City Circuit,Nico Hülkenberg,Haas F1 Team,51,11,1,21.617,"[{'Lap': 15, 'StopTime': 21.617}]"
2024,17,Baku City Circuit,Pierre Gasly,Alpine F1 Team,51,12,1,20.257,"[{'Lap': 50, 'StopTime': 20.257}]"
2024,17,Baku City Circuit,Daniel Ricciardo,RB F1 Team,51,13,1,21.984,"[{'Lap': 49, 'StopTime': 21.984}]"
2024,17,Baku City Circuit,Guanyu Zhou,Sauber,51,14,1,20.52,"[{'Lap': 34, 'StopTime': 20.52}]"
2024,17,Baku City Circuit,Esteban Ocon,Alpine F1 Team,50,15,1,20.634,"[{'Lap': 49, 'StopTime': 20.634}]"
2024,17,Baku City Circuit,Valtteri Bottas,Sauber,50,16,1,20.045,"[{'Lap': 11, 'StopTime': 20.045}]"
2024,17,Baku City Circuit,Sergio Pérez,Red Bull,49,17,1,20.63,"[{'Lap': 13, 'StopTime': 20.63}]"
2024,17,Baku City Circuit,Carlos Sainz,Ferrari,49,18,1,21.483,"[{'Lap': 17, 'StopTime': 21.483}]"
2024,17,Baku City Circuit,Lance Stroll,Aston Martin,45,19,2,20.6685,"[{'Lap': 1, 'StopTime': 21.123}, {'Lap': 22, 'StopTime': 20.214}]"
2024,17,Baku City Circuit,Yuki Tsunoda,RB F1 Team,14,20,1,20.922,"[{'Lap': 12, 'StopTime': 20.922}]"
2024,18,Marina Bay Street Circuit,Lando Norris,McLaren,62,1,1,29.091,"[{'Lap': 30, 'StopTime': 29.091}]"
2024,18,Marina Bay Street Circuit,Max Verstappen,Red Bull,62,2,1,29.655,"[{'Lap': 29, 'StopTime': 29.655}]"
2024,18,Marina Bay Street Circuit,Oscar Piastri,McLaren,62,3,1,29.152,"[{'Lap': 38, 'StopTime': 29.152}]"
2024,18,Marina Bay Street Circuit,George Russell,Mercedes,62,4,1,28.739,"[{'Lap': 27, 'StopTime': 28.739}]"
2024,18,Marina Bay Street Circuit,Charles Leclerc,Ferrari,62,5,1,29.042,"[{'Lap': 36, 'StopTime': 29.042}]"
2024,18,Marina Bay Street Circuit,Lewis Hamilton,Mercedes,62,6,1,29.272,"[{'Lap': 17, 'StopTime': 29.272}]"
2024,18,Marina Bay Street Circuit,Carlos Sainz,Ferrari,62,7,1,29.385,"[{'Lap': 13, 'StopTime': 29.385}]"
2024,18,Marina Bay Street Circuit,Fernando Alonso,Aston Martin,61,8,1,29.251,"[{'Lap': 25, 'StopTime': 29.251}]"
2024,18,Marina Bay Street Circuit,Nico Hülkenberg,Haas F1 Team,61,9,1,29.808,"[{'Lap': 29, 'StopTime': 29.808}]"
2024,18,Marina Bay Street Circuit,Sergio Pérez,Red Bull,61,10,1,28.99,"[{'Lap': 28, 'StopTime': 28.99}]"
2024,18,Marina Bay Street Circuit,Franco Colapinto,Williams,61,11,1,29.772,"[{'Lap': 29, 'StopTime': 29.772}]"
2024,18,Marina Bay Street Circuit,Yuki Tsunoda,RB F1 Team,61,12,1,29.662,"[{'Lap': 33, 'StopTime': 29.662}]"
2024,18,Marina Bay Street Circuit,Esteban Ocon,Alpine F1 Team,61,13,1,29.601,"[{'Lap': 29, 'StopTime': 29.601}]"
2024,18,Marina Bay Street Circuit,Lance Stroll,Aston Martin,61,14,1,29.816,"[{'Lap': 26, 'StopTime': 29.816}]"
2024,18,Marina Bay Street Circuit,Guanyu Zhou,Sauber,61,15,1,29.36,"[{'Lap': 34, 'StopTime': 29.36}]"
2024,18,Marina Bay Street Circuit,Valtteri Bottas,Sauber,61,16,1,30.423,"[{'Lap': 33, 'StopTime': 30.423}]"
2024,18,Marina Bay Street Circuit,Pierre Gasly,Alpine F1 Team,61,17,1,31.509,"[{'Lap': 37, 'StopTime': 31.509}]"
2024,18,Marina Bay Street Circuit,Daniel Ricciardo,RB F1 Team,61,18,3,29.67833333333333,"[{'Lap': 10, 'StopTime': 30.316}, {'Lap': 46, 'StopTime': 29.066}, {'Lap': 58, 'StopTime': 29.653}]"
2024,18,Marina Bay Street Circuit,Kevin Magnussen,Haas F1 Team,57,19,2,30.499000000000002,"[{'Lap': 28, 'StopTime': 29.707}, {'Lap': 49, 'StopTime': 31.291}]"
2024,18,Marina Bay Street Circuit,Alexander Albon,Williams,15,20,1,29.126,"[{'Lap': 11, 'StopTime': 29.126}]"
2024,19,Circuit of the Americas,Charles Leclerc,Ferrari,56,1,1,23.817,"[{'Lap': 26, 'StopTime': 23.817}]"
2024,19,Circuit of the Americas,Carlos Sainz,Ferrari,56,2,1,23.963,"[{'Lap': 21, 'StopTime': 23.963}]"
2024,19,Circuit of the Americas,Max Verstappen,Red Bull,56,3,1,24.228,"[{'Lap': 25, 'StopTime': 24.228}]"
2024,19,Circuit of the Americas,Lando Norris,McLaren,56,4,1,23.731,"[{'Lap': 31, 'StopTime': 23.731}]"
2024,19,Circuit of the Americas,Oscar Piastri,McLaren,56,5,1,24.107,"[{'Lap': 32, 'StopTime': 24.107}]"
2024,19,Circuit of the Americas,George Russell,Mercedes,56,6,1,29.327,"[{'Lap': 40, 'StopTime': 29.327}]"
2024,19,Circuit of the Americas,Sergio Pérez,Red Bull,56,7,1,23.58,"[{'Lap': 26, 'StopTime': 23.58}]"
2024,19,Circuit of the Americas,Nico Hülkenberg,Haas F1 Team,56,8,1,24.5,"[{'Lap': 27, 'StopTime': 24.5}]"
2024,19,Circuit of the Americas,Liam Lawson,RB F1 Team,56,9,1,23.839,"[{'Lap': 36, 'StopTime': 23.839}]"
2024,19,Circuit of the Americas,Franco Colapinto,Williams,56,10,1,23.971,"[{'Lap': 39, 'StopTime': 23.971}]"
2024,19,Circuit of the Americas,Kevin Magnussen,Haas F1 Team,56,11,2,24.0265,"[{'Lap': 17, 'StopTime': 23.966}, {'Lap': 38, 'StopTime': 24.087}]"
2024,19,Circuit of the Americas,Pierre Gasly,Alpine F1 Team,56,12,1,28.228,"[{'Lap': 18, 'StopTime': 28.228}]"
2024,19,Circuit of the Americas,Fernando Alonso,Aston Martin,55,13,1,24.247,"[{'Lap': 26, 'StopTime': 24.247}]"
2024,19,Circuit of the Americas,Yuki Tsunoda,RB F1 Team,55,14,1,24.193,"[{'Lap': 18, 'StopTime': 24.193}]"
2024,19,Circuit of the Americas,Lance Stroll,Aston Martin,55,15,1,26.399,"[{'Lap': 27, 'StopTime': 26.399}]"
2024,19,Circuit of the Americas,Alexander Albon,Williams,55,16,2,29.686999999999998,"[{'Lap': 3, 'StopTime': 34.983}, {'Lap': 33, 'StopTime': 24.391}]"
2024,19,Circuit of the Americas,Valtteri Bottas,Sauber,55,17,1,24.439,"[{'Lap': 15, 'StopTime': 24.439}]"
2024,19,Circuit of the Americas,Esteban Ocon,Alpine F1 Team,55,18,2,25.1655,"[{'Lap': 31, 'StopTime': 24.156}, {'Lap': 51, 'StopTime': 26.175}]"
2024,19,Circuit of the Americas,Guanyu Zhou,Sauber,55,19,2,24.6615,"[{'Lap': 13, 'StopTime': 24.433}, {'Lap': 35, 'StopTime': 24.89}]"
2024,19,Circuit of the Americas,Lewis Hamilton,Mercedes,1,20,0,,[]
2024,20,Autódromo Hermanos Rodríguez,Carlos Sainz,Ferrari,71,1,1,22.249,"[{'Lap': 32, 'StopTime': 22.249}]"
2024,20,Autódromo Hermanos Rodríguez,Lando Norris,McLaren,71,2,1,22.111,"[{'Lap': 30, 'StopTime': 22.111}]"
2024,20,Autódromo Hermanos Rodríguez,Charles Leclerc,Ferrari,71,3,2,22.775,"[{'Lap': 31, 'StopTime': 22.86}, {'Lap': 69, 'StopTime': 22.69}]"
2024,20,Autódromo Hermanos Rodríguez,Lewis Hamilton,Mercedes,71,4,1,22.538,"[{'Lap': 28, 'StopTime': 22.538}]"
2024,20,Autódromo Hermanos Rodríguez,George Russell,Mercedes,71,5,1,22.462,"[{'Lap': 31, 'StopTime': 22.462}]"
2024,20,Autódromo Hermanos Rodríguez,Max Verstappen,Red Bull,71,6,1,43.73,"[{'Lap': 26, 'StopTime': 43.73}]"
2024,20,Autódromo Hermanos Rodríguez,Kevin Magnussen,Haas F1 Team,71,7,1,23.332,"[{'Lap': 30, 'StopTime': 23.332}]"
2024,20,Autódromo Hermanos Rodríguez,Oscar Piastri,McLaren,71,8,1,21.825,"[{'Lap': 39, 'StopTime': 21.825}]"
2024,20,Autódromo Hermanos Rodríguez,Nico Hülkenberg,Haas F1 Team,70,9,1,23.077,"[{'Lap': 29, 'StopTime': 23.077}]"
2024,20,Autódromo Hermanos Rodríguez,Pierre Gasly,Alpine F1 Team,70,10,1,23.204,"[{'Lap': 28, 'StopTime': 23.204}]"
2024,20,Autódromo Hermanos Rodríguez,Lance Stroll,Aston Martin,70,11,1,22.592,"[{'Lap': 26, 'StopTime': 22.592}]"
2024,20,Autódromo Hermanos Rodríguez,Franco Colapinto,Williams,70,12,1,23.895,"[{'Lap': 47, 'StopTime': 23.895}]"
2024,20,Autódromo Hermanos Rodríguez,Esteban Ocon,Alpine F1 Team,70,13,1,23.245,"[{'Lap': 48, 'StopTime': 23.245}]"
2024,20,Autódromo Hermanos Rodríguez,Valtteri Bottas,Sauber,70,14,1,22.505,"[{'Lap': 49, 'StopTime': 22.505}]"
2024,20,Autódromo Hermanos Rodríguez,Guanyu Zhou,Sauber,70,15,1,22.935,"[{'Lap': 43, 'StopTime': 22.935}]"
2024,20,Autódromo Hermanos Rodríguez,Liam Lawson,RB F1 Team,70,16,2,26.4425,"[{'Lap': 39, 'StopTime': 22.586}, {'Lap': 65, 'StopTime': 30.299}]"
2024,20,Autódromo Hermanos Rodríguez,Sergio Pérez,Red Bull,70,17,3,23.941333333333333,"[{'Lap': 20, 'StopTime': 27.73}, {'Lap': 43, 'StopTime': 22.174}, {'Lap': 68, 'StopTime': 21.92}]"
2024,20,Autódromo Hermanos Rodríguez,Fernando Alonso,Aston Martin,15,18,0,,[]
2024,20,Autódromo Hermanos Rodríguez,Alexander Albon,Williams,0,19,0,,[]
2024,20,Autódromo Hermanos Rodríguez,Yuki Tsunoda,RB F1 Team,0,20,0,,[]
2024,21,Autódromo José Carlos Pace,Max Verstappen,Red Bull,69,1,1,1409.303,"[{'Lap': 32, 'StopTime': 1409.303}]"
2024,21,Autódromo José Carlos Pace,Esteban Ocon,Alpine F1 Team,69,2,1,1408.695,"[{'Lap': 32, 'StopTime': 1408.695}]"
2024,21,Autódromo José Carlos Pace,Pierre Gasly,Alpine F1 Team,69,3,1,1407.586,"[{'Lap': 32, 'StopTime': 1407.586}]"
2024,21,Autódromo José Carlos Pace,George Russell,Mercedes,69,4,2,720.768,"[{'Lap': 28, 'StopTime': 25.698}, {'Lap': 32, 'StopTime': 1415.838}]"
2024,21,Autódromo José Carlos Pace,Charles Leclerc,Ferrari,69,5,2,722.4165,"[{'Lap': 24, 'StopTime': 24.573}, {'Lap': 32, 'StopTime': 1420.26}]"
2024,21,Autódromo José Carlos Pace,Lando Norris,McLaren,69,6,2,720.0635,"[{'Lap': 28, 'StopTime': 24.764}, {'Lap': 32, 'StopTime': 1415.363}]"
2024,21,Autódromo José Carlos Pace,Yuki Tsunoda,RB F1 Team,69,7,2,722.2305,"[{'Lap': 28, 'StopTime': 25.431}, {'Lap': 32, 'StopTime': 1419.03}]"
2024,21,Autódromo José Carlos Pace,Oscar Piastri,McLaren,69,8,2,723.16,"[{'Lap': 27, 'StopTime': 26.05}, {'Lap': 32, 'StopTime': 1420.27}]"
2024,21,Autódromo José Carlos Pace,Liam Lawson,RB F1 Team,69,9,2,725.4445,"[{'Lap': 28, 'StopTime': 28.167}, {'Lap': 32, 'StopTime': 1422.722}]"
2024,21,Autódromo José Carlos Pace,Lewis Hamilton,Mercedes,69,10,2,725.454,"[{'Lap': 27, 'StopTime': 25.205}, {'Lap': 32, 'StopTime': 1425.703}]"
2024,21,Autódromo José Carlos Pace,Sergio Pérez,Red Bull,69,11,2,725.9535,"[{'Lap': 27, 'StopTime': 26.692}, {'Lap': 32, 'StopTime': 1425.215}]"
2024,21,Autódromo José Carlos Pace,Oliver Bearman,Haas F1 Team,69,12,2,730.2460000000001,"[{'Lap': 27, 'StopTime': 35.755}, {'Lap': 32, 'StopTime': 1424.737}]"
2024,21,Autódromo José Carlos Pace,Valtteri Bottas,Sauber,69,13,1,1422.094,"[{'Lap': 32, 'StopTime': 1422.094}]"
2024,21,Autódromo José Carlos Pace,Fernando Alonso,Aston Martin,69,14,2,723.9895,"[{'Lap': 27, 'StopTime': 25.107}, {'Lap': 32, 'StopTime': 1422.872}]"
2024,21,Autódromo José Carlos Pace,Guanyu Zhou,Sauber,69,15,4,351.00275,"[{'Lap': 27, 'StopTime': 25.248}, {'Lap': 28, 'StopTime': 27.067}, {'Lap': 31, 'StopTime': 1283.154}, {'Lap': 32, 'StopTime': 68.542}]"
2024,21,Autódromo José Carlos Pace,Carlos Sainz,Ferrari,38,16,2,725.2895000000001,"[{'Lap': 27, 'StopTime': 25.92}, {'Lap': 32, 'StopTime': 1424.659}]"
2024,21,Autódromo José Carlos Pace,Franco Colapinto,Williams,30,17,2,25.262999999999998,"[{'Lap': 26, 'StopTime': 25.287}, {'Lap': 30, 'StopTime': 25.239}]"
2024,21,Autódromo José Carlos Pace,Alexander Albon,Williams,0,18,0,,[]
2024,21,Autódromo José Carlos Pace,Lance Stroll,Aston Martin,0,19,0,,[]
2024,21,Autódromo José Carlos Pace,Nico Hülkenberg,Haas F1 Team,0,20,3,37.64766666666667,"[{'Lap': 25, 'StopTime': 25.369}, {'Lap': 27, 'StopTime': 58.984}, {'Lap': 29, 'StopTime': 28.59}]"
2024,22,Las Vegas Strip Street Circuit,George Russell,Mercedes,50,1,2,21.0235,"[{'Lap': 12, 'StopTime': 21.072}, {'Lap': 32, 'StopTime': 20.975}]"
2024,22,Las Vegas Strip Street Circuit,Lewis Hamilton,Mercedes,50,2,2,21.211,"[{'Lap': 13, 'StopTime': 21.067}, {'Lap': 27, 'StopTime': 21.355}]"
2024,22,Las Vegas Strip Street Circuit,Carlos Sainz,Ferrari,50,3,2,20.9635,"[{'Lap': 10, 'StopTime': 21.048}, {'Lap': 28, 'StopTime': 20.879}]"
2024,22,Las Vegas Strip Street Circuit,Charles Leclerc,Ferrari,50,4,2,21.457,"[{'Lap': 9, 'StopTime': 21.329}, {'Lap': 31, 'StopTime': 21.585}]"
2024,22,Las Vegas Strip Street Circuit,Max Verstappen,Red Bull,50,5,2,21.4755,"[{'Lap': 11, 'StopTime': 20.697}, {'Lap': 27, 'StopTime': 22.254}]"
2024,22,Las Vegas Strip Street Circuit,Lando Norris,McLaren,50,6,3,20.973666666666663,"[{'Lap': 9, 'StopTime': 21.194}, {'Lap': 30, 'StopTime': 20.668}, {'Lap': 48, 'StopTime': 21.059}]"
2024,22,Las Vegas Strip Street Circuit,Oscar Piastri,McLaren,50,7,2,24.407,"[{'Lap': 10, 'StopTime': 27.732}, {'Lap': 25, 'StopTime': 21.082}]"
2024,22,Las Vegas Strip Street Circuit,Nico Hülkenberg,Haas F1 Team,50,8,2,21.6065,"[{'Lap': 14, 'StopTime': 21.511}, {'Lap': 33, 'StopTime': 21.702}]"
2024,22,Las Vegas Strip Street Circuit,Yuki Tsunoda,RB F1 Team,50,9,2,21.188,"[{'Lap': 10, 'StopTime': 21.168}, {'Lap': 29, 'StopTime': 21.208}]"
2024,22,Las Vegas Strip Street Circuit,Sergio Pérez,Red Bull,50,10,2,21.164,"[{'Lap': 17, 'StopTime': 21.294}, {'Lap': 32, 'StopTime': 21.034}]"
2024,22,Las Vegas Strip Street Circuit,Fernando Alonso,Aston Martin,50,11,2,21.407,"[{'Lap': 4, 'StopTime': 21.407}, {'Lap': 24, 'StopTime': 21.407}]"
2024,22,Las Vegas Strip Street Circuit,Kevin Magnussen,Haas F1 Team,50,12,1,21.963,"[{'Lap': 17, 'StopTime': 21.963}]"
2024,22,Las Vegas Strip Street Circuit,Guanyu Zhou,Sauber,50,13,2,22.360500000000002,"[{'Lap': 11, 'StopTime': 22.96}, {'Lap': 34, 'StopTime': 21.761}]"
2024,22,Las Vegas Strip Street Circuit,Franco Colapinto,Williams,50,14,2,21.195500000000003,"[{'Lap': 16, 'StopTime': 21.17}, {'Lap': 26, 'StopTime': 21.221}]"
2024,22,Las Vegas Strip Street Circuit,Lance Stroll,Aston Martin,50,15,2,28.2255,"[{'Lap': 9, 'StopTime': 34.863}, {'Lap': 28, 'StopTime': 21.588}]"
2024,22,Las Vegas Strip Street Circuit,Liam Lawson,RB F1 Team,50,16,2,20.8455,"[{'Lap': 11, 'StopTime': 21.049}, {'Lap': 38, 'StopTime': 20.642}]"
2024,22,Las Vegas Strip Street Circuit,Esteban Ocon,Alpine F1 Team,49,17,3,19.596666666666668,"[{'Lap': 11, 'StopTime': 15.79}, {'Lap': 12, 'StopTime': 21.142}, {'Lap': 45, 'StopTime': 21.858}]"
2024,22,Las Vegas Strip Street Circuit,Valtteri Bottas,Sauber,49,18,2,22.222,"[{'Lap': 17, 'StopTime': 21.623}, {'Lap': 35, 'StopTime': 22.821}]"
2024,22,Las Vegas Strip Street Circuit,Alexander Albon,Williams,25,19,1,22.012,"[{'Lap': 9, 'StopTime': 22.012}]"
2024,22,Las Vegas Strip Street Circuit,Pierre Gasly,Alpine F1 Team,15,20,1,22.179,"[{'Lap': 10, 'StopTime': 22.179}]"
2024,23,Losail International Circuit,Max Verstappen,Red Bull,57,1,3,24.963333333333335,"[{'Lap': 35, 'StopTime': 28.303}, {'Lap': 36, 'StopTime': 23.884}, {'Lap': 37, 'StopTime': 22.703}]"
2024,23,Losail International Circuit,Charles Leclerc,Ferrari,57,2,3,27.706000000000003,"[{'Lap': 35, 'StopTime': 28.46}, {'Lap': 36, 'StopTime': 25.675}, {'Lap': 37, 'StopTime': 28.983}]"
2024,23,Losail International Circuit,Oscar Piastri,McLaren,57,3,3,26.670333333333332,"[{'Lap': 34, 'StopTime': 27.818}, {'Lap': 36, 'StopTime': 22.867}, {'Lap': 37, 'StopTime': 29.326}]"
2024,23,Losail International Circuit,George Russell,Mercedes,57,4,4,29.244750000000003,"[{'Lap': 23, 'StopTime': 32.309}, {'Lap': 35, 'StopTime': 27.87}, {'Lap': 36, 'StopTime': 22.763}, {'Lap': 37, 'StopTime': 34.037}]"
2024,23,Losail International Circuit,Pierre Gasly,Alpine F1 Team,57,5,3,27.332333333333334,"[{'Lap': 35, 'StopTime': 28.792}, {'Lap': 36, 'StopTime': 22.717}, {'Lap': 37, 'StopTime': 30.488}]"
2024,23,Losail International Circuit,Carlos Sainz,Ferrari,57,6,3,31.09166666666667,"[{'Lap': 34, 'StopTime': 36.143}, {'Lap': 36, 'StopTime': 22.776}, {'Lap': 37, 'StopTime': 34.356}]"
2024,23,Losail International Circuit,Fernando Alonso,Aston Martin,57,7,3,30.010333333333335,"[{'Lap': 35, 'StopTime': 28.628}, {'Lap': 36, 'StopTime': 28.592}, {'Lap': 37, 'StopTime': 32.811}]"
2024,23,Losail International Circuit,Guanyu Zhou,Sauber,57,8,3,29.043666666666667,"[{'Lap': 35, 'StopTime': 29.085}, {'Lap': 36, 'StopTime': 23.228}, {'Lap': 37, 'StopTime': 34.818}]"
2024,23,Losail International Circuit,Kevin Magnussen,Haas F1 Team,57,9,3,28.200666666666667,"[{'Lap': 27, 'StopTime': 28.543}, {'Lap': 36, 'StopTime': 22.696}, {'Lap': 37, 'StopTime': 33.363}]"
2024,23,Losail International Circuit,Lando Norris,McLaren,57,10,4,29.60775,"[{'Lap': 35, 'StopTime': 28.024}, {'Lap': 36, 'StopTime': 25.592}, {'Lap': 37, 'StopTime': 28.746}, {'Lap': 45, 'StopTime': 36.069}]"
2024,23,Losail International Circuit,Valtteri Bottas,Sauber,57,11,3,28.714,"[{'Lap': 24, 'StopTime': 29.034}, {'Lap': 35, 'StopTime': 28.968}, {'Lap': 36, 'StopTime': 28.14}]"
2024,23,Losail International Circuit,Lewis Hamilton,Mercedes,57,12,4,27.71175,"[{'Lap': 34, 'StopTime': 37.915}, {'Lap': 35, 'StopTime': 23.412}, {'Lap': 36, 'StopTime': 26.815}, {'Lap': 47, 'StopTime': 22.705}]"
2024,23,Losail International Circuit,Yuki Tsunoda,RB F1 Team,57,13,4,29.214499999999997,"[{'Lap': 35, 'StopTime': 29.024}, {'Lap': 36, 'StopTime': 22.714}, {'Lap': 37, 'StopTime': 35.849}, {'Lap': 40, 'StopTime': 29.271}]"
2024,23,Losail International Circuit,Liam Lawson,RB F1 Team,57,14,4,32.30775,"[{'Lap': 35, 'StopTime': 45.049}, {'Lap': 36, 'StopTime': 22.737}, {'Lap': 37, 'StopTime': 26.79}, {'Lap': 40, 'StopTime': 34.655}]"
2024,23,Losail International Circuit,Alexander Albon,Williams,56,15,4,32.031,"[{'Lap': 35, 'StopTime': 29.179}, {'Lap': 36, 'StopTime': 22.71}, {'Lap': 37, 'StopTime': 36.548}, {'Lap': 55, 'StopTime': 39.687}]"
2024,23,Losail International Circuit,Nico Hülkenberg,Haas F1 Team,39,16,4,30.700499999999998,"[{'Lap': 1, 'StopTime': 32.957}, {'Lap': 31, 'StopTime': 28.343}, {'Lap': 36, 'StopTime': 23.81}, {'Lap': 37, 'StopTime': 37.692}]"
2024,23,Losail International Circuit,Sergio Pérez,Red Bull,38,17,3,26.750666666666664,"[{'Lap': 35, 'StopTime': 28.088}, {'Lap': 36, 'StopTime': 22.705}, {'Lap': 37, 'StopTime': 29.459}]"
2024,23,Losail International Circuit,Lance Stroll,Aston Martin,8,18,2,35.7285,"[{'Lap': 1, 'StopTime': 29.783}, {'Lap': 7, 'StopTime': 41.674}]"
2024,23,Losail International Circuit,Franco Colapinto,Williams,0,19,0,,[]
2024,23,Losail International Circuit,Esteban Ocon,Alpine F1 Team,0,20,0,,[]
2024,24,Yas Marina Circuit,Lando Norris,McLaren,58,1,1,21.276,"[{'Lap': 26, 'StopTime': 21.276}]"
2024,24,Yas Marina Circuit,Carlos Sainz,Ferrari,58,2,1,21.28,"[{'Lap': 25, 'StopTime': 21.28}]"
2024,24,Yas Marina Circuit,Charles Leclerc,Ferrari,58,3,1,21.869,"[{'Lap': 20, 'StopTime': 21.869}]"
2024,24,Yas Marina Circuit,Lewis Hamilton,Mercedes,58,4,1,21.694,"[{'Lap': 34, 'StopTime': 21.694}]"
2024,24,Yas Marina Circuit,George Russell,Mercedes,58,5,1,21.656,"[{'Lap': 26, 'StopTime': 21.656}]"
2024,24,Yas Marina Circuit,Max Verstappen,Red Bull,58,6,1,32.652,"[{'Lap': 29, 'StopTime': 32.652}]"
2024,24,Yas Marina Circuit,Pierre Gasly,Alpine F1 Team,58,7,1,22.059,"[{'Lap': 14, 'StopTime': 22.059}]"
2024,24,Yas Marina Circuit,Nico Hülkenberg,Haas F1 Team,58,8,1,21.53,"[{'Lap': 13, 'StopTime': 21.53}]"
2024,24,Yas Marina Circuit,Fernando Alonso,Aston Martin,58,9,2,22.881500000000003,"[{'Lap': 13, 'StopTime': 23.326}, {'Lap': 37, 'StopTime': 22.437}]"
2024,24,Yas Marina Circuit,Oscar Piastri,McLaren,58,10,2,28.178,"[{'Lap': 4, 'StopTime': 23.582}, {'Lap': 32, 'StopTime': 32.774}]"
2024,24,Yas Marina Circuit,Alexander Albon,Williams,57,11,1,22.065,"[{'Lap': 12, 'StopTime': 22.065}]"
2024,24,Yas Marina Circuit,Yuki Tsunoda,RB F1 Team,57,12,1,21.869,"[{'Lap': 22, 'StopTime': 21.869}]"
2024,24,Yas Marina Circuit,Guanyu Zhou,Sauber,57,13,2,25.8945,"[{'Lap': 12, 'StopTime': 23.024}, {'Lap': 39, 'StopTime': 28.765}]"
2024,24,Yas Marina Circuit,Lance Stroll,Aston Martin,57,14,2,22.6595,"[{'Lap': 11, 'StopTime': 23.266}, {'Lap': 32, 'StopTime': 22.053}]"
2024,24,Yas Marina Circuit,Jack Doohan,Alpine F1 Team,57,15,1,22.08,"[{'Lap': 22, 'StopTime': 22.08}]"
2024,24,Yas Marina Circuit,Kevin Magnussen,Haas F1 Team,57,16,4,23.2365,"[{'Lap': 12, 'StopTime': 26.363}, {'Lap': 29, 'StopTime': 21.678}, {'Lap': 30, 'StopTime': 22.815}, {'Lap': 55, 'StopTime': 22.09}]"
2024,24,Yas Marina Circuit,Liam Lawson,RB F1 Team,55,17,3,26.099,"[{'Lap': 23, 'StopTime': 23.415}, {'Lap': 24, 'StopTime': 22.565}, {'Lap': 29, 'StopTime': 32.317}]"
2024,24,Yas Marina Circuit,Valtteri Bottas,Sauber,30,18,1,41.144,"[{'Lap': 6, 'StopTime': 41.144}]"
2024,24,Yas Marina Circuit,Franco Colapinto,Williams,26,19,1,24.941,"[{'Lap': 3, 'StopTime': 24.941}]"
2024,24,Yas Marina Circuit,Sergio Pérez,Red Bull,0,20,0,,[]
