Season,Round,Race Name,Date,Time (UTC),Circuit,Location,Country
1950,1,British Grand Prix,1950-05-13,Unknown,Silverstone Circuit,Silverstone,UK
1950,2,Monaco Grand Prix,1950-05-21,Unknown,Circuit de Monaco,Monte-Carlo,Monaco
1950,3,Indianapolis 500,1950-05-30,Unknown,Indianapolis Motor Speedway,Indianapolis,USA
1950,4,Swiss Grand Prix,1950-06-04,Unknown,Circuit Bremgarten,Bern,Switzerland
1950,5,Belgian Grand Prix,1950-06-18,Unknown,Circuit de Spa-Francorchamps,Spa,Belgium
1950,6,French Grand Prix,1950-07-02,Unknown,Reims-Gueux,Reims,France
1950,7,Italian Grand Prix,1950-09-03,Unknown,Autodromo Nazionale di Monza,Monza,Italy
1951,1,Swiss Grand Prix,1951-05-27,Unknown,Circuit Bremgarten,Bern,Switzerland
1951,2,Indianapolis 500,1951-05-30,Unknown,Indianapolis Motor Speedway,Indianapolis,USA
1951,3,Belgian Grand Prix,1951-06-17,Unknown,Circuit de Spa-Francorchamps,Spa,Belgium
1951,4,French Grand Prix,1951-07-01,Unknown,Reims-Gueux,Reims,France
1951,5,British Grand Prix,1951-07-14,Unknown,Silverstone Circuit,Silverstone,UK
1951,6,German Grand Prix,1951-07-29,Unknown,Nürburgring,Nürburg,Germany
1951,7,Italian Grand Prix,1951-09-16,Unknown,Autodromo Nazionale di Monza,Monza,Italy
1951,8,Spanish Grand Prix,1951-10-28,Unknown,Circuit de Pedralbes,Barcelona,Spain
1952,1,Swiss Grand Prix,1952-05-18,Unknown,Circuit Bremgarten,Bern,Switzerland
1952,2,Indianapolis 500,1952-05-30,Unknown,Indianapolis Motor Speedway,Indianapolis,USA
1952,3,Belgian Grand Prix,1952-06-22,Unknown,Circuit de Spa-Francorchamps,Spa,Belgium
1952,4,French Grand Prix,1952-07-06,Unknown,Rouen-Les-Essarts,Rouen,France
1952,5,British Grand Prix,1952-07-19,Unknown,Silverstone Circuit,Silverstone,UK
1952,6,German Grand Prix,1952-08-03,Unknown,Nürburgring,Nürburg,Germany
1952,7,Dutch Grand Prix,1952-08-17,Unknown,Circuit Park Zandvoort,Zandvoort,Netherlands
1952,8,Italian Grand Prix,1952-09-07,Unknown,Autodromo Nazionale di Monza,Monza,Italy
1953,1,Argentine Grand Prix,1953-01-18,Unknown,Autódromo Juan y Oscar Gálvez,Buenos Aires,Argentina
1953,2,Indianapolis 500,1953-05-30,Unknown,Indianapolis Motor Speedway,Indianapolis,USA
1953,3,Dutch Grand Prix,1953-06-07,Unknown,Circuit Park Zandvoort,Zandvoort,Netherlands
1953,4,Belgian Grand Prix,1953-06-21,Unknown,Circuit de Spa-Francorchamps,Spa,Belgium
1953,5,French Grand Prix,1953-07-05,Unknown,Reims-Gueux,Reims,France
1953,6,British Grand Prix,1953-07-18,Unknown,Silverstone Circuit,Silverstone,UK
1953,7,German Grand Prix,1953-08-02,Unknown,Nürburgring,Nürburg,Germany
1953,8,Swiss Grand Prix,1953-08-23,Unknown,Circuit Bremgarten,Bern,Switzerland
1953,9,Italian Grand Prix,1953-09-13,Unknown,Autodromo Nazionale di Monza,Monza,Italy
1954,1,Argentine Grand Prix,1954-01-17,Unknown,Autódromo Juan y Oscar Gálvez,Buenos Aires,Argentina
1954,2,Indianapolis 500,1954-05-31,Unknown,Indianapolis Motor Speedway,Indianapolis,USA
1954,3,Belgian Grand Prix,1954-06-20,Unknown,Circuit de Spa-Francorchamps,Spa,Belgium
1954,4,French Grand Prix,1954-07-04,Unknown,Reims-Gueux,Reims,France
1954,5,British Grand Prix,1954-07-17,Unknown,Silverstone Circuit,Silverstone,UK
1954,6,German Grand Prix,1954-08-01,Unknown,Nürburgring,Nürburg,Germany
1954,7,Swiss Grand Prix,1954-08-22,Unknown,Circuit Bremgarten,Bern,Switzerland
1954,8,Italian Grand Prix,1954-09-05,Unknown,Autodromo Nazionale di Monza,Monza,Italy
1954,9,Spanish Grand Prix,1954-10-24,Unknown,Circuit de Pedralbes,Barcelona,Spain
1955,1,Argentine Grand Prix,1955-01-16,Unknown,Autódromo Juan y Oscar Gálvez,Buenos Aires,Argentina
1955,2,Monaco Grand Prix,1955-05-22,Unknown,Circuit de Monaco,Monte-Carlo,Monaco
1955,3,Indianapolis 500,1955-05-30,Unknown,Indianapolis Motor Speedway,Indianapolis,USA
1955,4,Belgian Grand Prix,1955-06-05,Unknown,Circuit de Spa-Francorchamps,Spa,Belgium
1955,5,Dutch Grand Prix,1955-06-19,Unknown,Circuit Park Zandvoort,Zandvoort,Netherlands
1955,6,British Grand Prix,1955-07-16,Unknown,Aintree,Liverpool,UK
1955,7,Italian Grand Prix,1955-09-11,Unknown,Autodromo Nazionale di Monza,Monza,Italy
1956,1,Argentine Grand Prix,1956-01-22,Unknown,Autódromo Juan y Oscar Gálvez,Buenos Aires,Argentina
1956,2,Monaco Grand Prix,1956-05-13,Unknown,Circuit de Monaco,Monte-Carlo,Monaco
1956,3,Indianapolis 500,1956-05-30,Unknown,Indianapolis Motor Speedway,Indianapolis,USA
1956,4,Belgian Grand Prix,1956-06-03,Unknown,Circuit de Spa-Francorchamps,Spa,Belgium
1956,5,French Grand Prix,1956-07-01,Unknown,Reims-Gueux,Reims,France
1956,6,British Grand Prix,1956-07-14,Unknown,Silverstone Circuit,Silverstone,UK
1956,7,German Grand Prix,1956-08-05,Unknown,Nürburgring,Nürburg,Germany
1956,8,Italian Grand Prix,1956-09-02,Unknown,Autodromo Nazionale di Monza,Monza,Italy
1957,1,Argentine Grand Prix,1957-01-13,Unknown,Autódromo Juan y Oscar Gálvez,Buenos Aires,Argentina
1957,2,Monaco Grand Prix,1957-05-19,Unknown,Circuit de Monaco,Monte-Carlo,Monaco
1957,3,Indianapolis 500,1957-05-30,Unknown,Indianapolis Motor Speedway,Indianapolis,USA
1957,4,French Grand Prix,1957-07-07,Unknown,Rouen-Les-Essarts,Rouen,France
1957,5,British Grand Prix,1957-07-20,Unknown,Aintree,Liverpool,UK
1957,6,German Grand Prix,1957-08-04,Unknown,Nürburgring,Nürburg,Germany
1957,7,Pescara Grand Prix,1957-08-18,Unknown,Pescara Circuit,Pescara,Italy
1957,8,Italian Grand Prix,1957-09-08,Unknown,Autodromo Nazionale di Monza,Monza,Italy
1958,1,Argentine Grand Prix,1958-01-19,Unknown,Autódromo Juan y Oscar Gálvez,Buenos Aires,Argentina
1958,2,Monaco Grand Prix,1958-05-18,Unknown,Circuit de Monaco,Monte-Carlo,Monaco
1958,3,Dutch Grand Prix,1958-05-26,Unknown,Circuit Park Zandvoort,Zandvoort,Netherlands
1958,4,Indianapolis 500,1958-05-30,Unknown,Indianapolis Motor Speedway,Indianapolis,USA
1958,5,Belgian Grand Prix,1958-06-15,Unknown,Circuit de Spa-Francorchamps,Spa,Belgium
1958,6,French Grand Prix,1958-07-06,Unknown,Reims-Gueux,Reims,France
1958,7,British Grand Prix,1958-07-19,Unknown,Silverstone Circuit,Silverstone,UK
1958,8,German Grand Prix,1958-08-03,Unknown,Nürburgring,Nürburg,Germany
1958,9,Portuguese Grand Prix,1958-08-24,Unknown,Circuito da Boavista,Oporto,Portugal
1958,10,Italian Grand Prix,1958-09-07,Unknown,Autodromo Nazionale di Monza,Monza,Italy
1958,11,Moroccan Grand Prix,1958-10-19,Unknown,Ain Diab,Casablanca,Morocco
1959,1,Monaco Grand Prix,1959-05-10,Unknown,Circuit de Monaco,Monte-Carlo,Monaco
1959,2,Indianapolis 500,1959-05-30,Unknown,Indianapolis Motor Speedway,Indianapolis,USA
1959,3,Dutch Grand Prix,1959-05-31,Unknown,Circuit Park Zandvoort,Zandvoort,Netherlands
1959,4,French Grand Prix,1959-07-05,Unknown,Reims-Gueux,Reims,France
1959,5,British Grand Prix,1959-07-18,Unknown,Aintree,Liverpool,UK
1959,6,German Grand Prix,1959-08-02,Unknown,AVUS,Berlin,Germany
1959,7,Portuguese Grand Prix,1959-08-23,Unknown,Monsanto Park Circuit,Lisbon,Portugal
1959,8,Italian Grand Prix,1959-09-13,Unknown,Autodromo Nazionale di Monza,Monza,Italy
1959,9,United States Grand Prix,1959-12-12,Unknown,Sebring International Raceway,Florida,USA
1960,1,Argentine Grand Prix,1960-02-07,Unknown,Autódromo Juan y Oscar Gálvez,Buenos Aires,Argentina
1960,2,Monaco Grand Prix,1960-05-29,Unknown,Circuit de Monaco,Monte-Carlo,Monaco
1960,3,Indianapolis 500,1960-05-30,Unknown,Indianapolis Motor Speedway,Indianapolis,USA
1960,4,Dutch Grand Prix,1960-06-06,Unknown,Circuit Park Zandvoort,Zandvoort,Netherlands
1960,5,Belgian Grand Prix,1960-06-19,Unknown,Circuit de Spa-Francorchamps,Spa,Belgium
1960,6,French Grand Prix,1960-07-03,Unknown,Reims-Gueux,Reims,France
1960,7,British Grand Prix,1960-07-16,Unknown,Silverstone Circuit,Silverstone,UK
1960,8,Portuguese Grand Prix,1960-08-14,Unknown,Circuito da Boavista,Oporto,Portugal
1960,9,Italian Grand Prix,1960-09-04,Unknown,Autodromo Nazionale di Monza,Monza,Italy
1960,10,United States Grand Prix,1960-11-20,Unknown,Riverside International Raceway,California,USA
1961,1,Monaco Grand Prix,1961-05-14,Unknown,Circuit de Monaco,Monte-Carlo,Monaco
1961,2,Dutch Grand Prix,1961-05-22,Unknown,Circuit Park Zandvoort,Zandvoort,Netherlands
1961,3,Belgian Grand Prix,1961-06-18,Unknown,Circuit de Spa-Francorchamps,Spa,Belgium
1961,4,French Grand Prix,1961-07-02,Unknown,Reims-Gueux,Reims,France
1961,5,British Grand Prix,1961-07-15,Unknown,Aintree,Liverpool,UK
1961,6,German Grand Prix,1961-08-06,Unknown,Nürburgring,Nürburg,Germany
1961,7,Italian Grand Prix,1961-09-10,Unknown,Autodromo Nazionale di Monza,Monza,Italy
1961,8,United States Grand Prix,1961-10-08,Unknown,Watkins Glen,New York State,USA
1962,1,Dutch Grand Prix,1962-05-20,Unknown,Circuit Park Zandvoort,Zandvoort,Netherlands
1962,2,Monaco Grand Prix,1962-06-03,Unknown,Circuit de Monaco,Monte-Carlo,Monaco
1962,3,Belgian Grand Prix,1962-06-17,Unknown,Circuit de Spa-Francorchamps,Spa,Belgium
1962,4,French Grand Prix,1962-07-08,Unknown,Rouen-Les-Essarts,Rouen,France
1962,5,British Grand Prix,1962-07-21,Unknown,Aintree,Liverpool,UK
1962,6,German Grand Prix,1962-08-05,Unknown,Nürburgring,Nürburg,Germany
1962,7,Italian Grand Prix,1962-09-16,Unknown,Autodromo Nazionale di Monza,Monza,Italy
1962,8,United States Grand Prix,1962-10-07,Unknown,Watkins Glen,New York State,USA
1962,9,South African Grand Prix,1962-12-29,Unknown,Prince George Circuit,Eastern Cape Province,South Africa
1963,1,Monaco Grand Prix,1963-05-26,Unknown,Circuit de Monaco,Monte-Carlo,Monaco
1963,2,Belgian Grand Prix,1963-06-09,Unknown,Circuit de Spa-Francorchamps,Spa,Belgium
1963,3,Dutch Grand Prix,1963-06-23,Unknown,Circuit Park Zandvoort,Zandvoort,Netherlands
1963,4,French Grand Prix,1963-06-30,Unknown,Reims-Gueux,Reims,France
1963,5,British Grand Prix,1963-07-20,Unknown,Silverstone Circuit,Silverstone,UK
1963,6,German Grand Prix,1963-08-04,Unknown,Nürburgring,Nürburg,Germany
1963,7,Italian Grand Prix,1963-09-08,Unknown,Autodromo Nazionale di Monza,Monza,Italy
1963,8,United States Grand Prix,1963-10-06,Unknown,Watkins Glen,New York State,USA
1963,9,Mexican Grand Prix,1963-10-27,Unknown,Autódromo Hermanos Rodríguez,Mexico City,Mexico
1963,10,South African Grand Prix,1963-12-28,Unknown,Prince George Circuit,Eastern Cape Province,South Africa
1964,1,Monaco Grand Prix,1964-05-10,Unknown,Circuit de Monaco,Monte-Carlo,Monaco
1964,2,Dutch Grand Prix,1964-05-24,Unknown,Circuit Park Zandvoort,Zandvoort,Netherlands
1964,3,Belgian Grand Prix,1964-06-14,Unknown,Circuit de Spa-Francorchamps,Spa,Belgium
1964,4,French Grand Prix,1964-06-28,Unknown,Rouen-Les-Essarts,Rouen,France
1964,5,British Grand Prix,1964-07-11,Unknown,Brands Hatch,Kent,UK
1964,6,German Grand Prix,1964-08-02,Unknown,Nürburgring,Nürburg,Germany
1964,7,Austrian Grand Prix,1964-08-23,Unknown,Zeltweg,Styria,Austria
1964,8,Italian Grand Prix,1964-09-06,Unknown,Autodromo Nazionale di Monza,Monza,Italy
1964,9,United States Grand Prix,1964-10-04,Unknown,Watkins Glen,New York State,USA
1964,10,Mexican Grand Prix,1964-10-25,Unknown,Autódromo Hermanos Rodríguez,Mexico City,Mexico
1965,1,South African Grand Prix,1965-01-01,Unknown,Prince George Circuit,Eastern Cape Province,South Africa
1965,2,Monaco Grand Prix,1965-05-30,Unknown,Circuit de Monaco,Monte-Carlo,Monaco
1965,3,Belgian Grand Prix,1965-06-13,Unknown,Circuit de Spa-Francorchamps,Spa,Belgium
1965,4,French Grand Prix,1965-06-27,Unknown,Charade Circuit,Clermont-Ferrand,France
1965,5,British Grand Prix,1965-07-10,Unknown,Silverstone Circuit,Silverstone,UK
1965,6,Dutch Grand Prix,1965-07-18,Unknown,Circuit Park Zandvoort,Zandvoort,Netherlands
1965,7,German Grand Prix,1965-08-01,Unknown,Nürburgring,Nürburg,Germany
1965,8,Italian Grand Prix,1965-09-12,Unknown,Autodromo Nazionale di Monza,Monza,Italy
1965,9,United States Grand Prix,1965-10-03,Unknown,Watkins Glen,New York State,USA
1965,10,Mexican Grand Prix,1965-10-24,Unknown,Autódromo Hermanos Rodríguez,Mexico City,Mexico
1966,1,Monaco Grand Prix,1966-05-22,Unknown,Circuit de Monaco,Monte-Carlo,Monaco
1966,2,Belgian Grand Prix,1966-06-12,Unknown,Circuit de Spa-Francorchamps,Spa,Belgium
1966,3,French Grand Prix,1966-07-03,Unknown,Reims-Gueux,Reims,France
1966,4,British Grand Prix,1966-07-16,Unknown,Brands Hatch,Kent,UK
1966,5,Dutch Grand Prix,1966-07-24,Unknown,Circuit Park Zandvoort,Zandvoort,Netherlands
1966,6,German Grand Prix,1966-08-07,Unknown,Nürburgring,Nürburg,Germany
1966,7,Italian Grand Prix,1966-09-04,Unknown,Autodromo Nazionale di Monza,Monza,Italy
1966,8,United States Grand Prix,1966-10-02,Unknown,Watkins Glen,New York State,USA
1966,9,Mexican Grand Prix,1966-10-23,Unknown,Autódromo Hermanos Rodríguez,Mexico City,Mexico
1967,1,South African Grand Prix,1967-01-02,Unknown,Kyalami,Midrand,South Africa
1967,2,Monaco Grand Prix,1967-05-07,Unknown,Circuit de Monaco,Monte-Carlo,Monaco
1967,3,Dutch Grand Prix,1967-06-04,Unknown,Circuit Park Zandvoort,Zandvoort,Netherlands
1967,4,Belgian Grand Prix,1967-06-18,Unknown,Circuit de Spa-Francorchamps,Spa,Belgium
1967,5,French Grand Prix,1967-07-02,Unknown,Le Mans,Le Mans,France
1967,6,British Grand Prix,1967-07-15,Unknown,Silverstone Circuit,Silverstone,UK
1967,7,German Grand Prix,1967-08-06,Unknown,Nürburgring,Nürburg,Germany
1967,8,Canadian Grand Prix,1967-08-27,Unknown,Mosport International Raceway,Ontario,Canada
1967,9,Italian Grand Prix,1967-09-10,Unknown,Autodromo Nazionale di Monza,Monza,Italy
1967,10,United States Grand Prix,1967-10-01,Unknown,Watkins Glen,New York State,USA
1967,11,Mexican Grand Prix,1967-10-22,Unknown,Autódromo Hermanos Rodríguez,Mexico City,Mexico
1968,1,South African Grand Prix,1968-01-01,Unknown,Kyalami,Midrand,South Africa
1968,2,Spanish Grand Prix,1968-05-12,Unknown,Jarama,Madrid,Spain
1968,3,Monaco Grand Prix,1968-05-26,Unknown,Circuit de Monaco,Monte-Carlo,Monaco
1968,4,Belgian Grand Prix,1968-06-09,Unknown,Circuit de Spa-Francorchamps,Spa,Belgium
1968,5,Dutch Grand Prix,1968-06-23,Unknown,Circuit Park Zandvoort,Zandvoort,Netherlands
1968,6,French Grand Prix,1968-07-07,Unknown,Rouen-Les-Essarts,Rouen,France
1968,7,British Grand Prix,1968-07-20,Unknown,Brands Hatch,Kent,UK
1968,8,German Grand Prix,1968-08-04,Unknown,Nürburgring,Nürburg,Germany
1968,9,Italian Grand Prix,1968-09-08,Unknown,Autodromo Nazionale di Monza,Monza,Italy
1968,10,Canadian Grand Prix,1968-09-22,Unknown,Circuit Mont-Tremblant,Quebec,Canada
1968,11,United States Grand Prix,1968-10-06,Unknown,Watkins Glen,New York State,USA
1968,12,Mexican Grand Prix,1968-11-03,Unknown,Autódromo Hermanos Rodríguez,Mexico City,Mexico
1969,1,South African Grand Prix,1969-03-01,Unknown,Kyalami,Midrand,South Africa
1969,2,Spanish Grand Prix,1969-05-04,Unknown,Montjuïc,Barcelona,Spain
1969,3,Monaco Grand Prix,1969-05-18,Unknown,Circuit de Monaco,Monte-Carlo,Monaco
1969,4,Dutch Grand Prix,1969-06-21,Unknown,Circuit Park Zandvoort,Zandvoort,Netherlands
1969,5,French Grand Prix,1969-07-06,Unknown,Charade Circuit,Clermont-Ferrand,France
1969,6,British Grand Prix,1969-07-19,Unknown,Silverstone Circuit,Silverstone,UK
1969,7,German Grand Prix,1969-08-03,Unknown,Nürburgring,Nürburg,Germany
1969,8,Italian Grand Prix,1969-09-07,Unknown,Autodromo Nazionale di Monza,Monza,Italy
1969,9,Canadian Grand Prix,1969-09-20,Unknown,Mosport International Raceway,Ontario,Canada
1969,10,United States Grand Prix,1969-10-05,Unknown,Watkins Glen,New York State,USA
1969,11,Mexican Grand Prix,1969-10-19,Unknown,Autódromo Hermanos Rodríguez,Mexico City,Mexico
1970,1,South African Grand Prix,1970-03-07,Unknown,Kyalami,Midrand,South Africa
1970,2,Spanish Grand Prix,1970-04-19,Unknown,Jarama,Madrid,Spain
1970,3,Monaco Grand Prix,1970-05-10,Unknown,Circuit de Monaco,Monte-Carlo,Monaco
1970,4,Belgian Grand Prix,1970-06-07,Unknown,Circuit de Spa-Francorchamps,Spa,Belgium
1970,5,Dutch Grand Prix,1970-06-21,Unknown,Circuit Park Zandvoort,Zandvoort,Netherlands
1970,6,French Grand Prix,1970-07-05,Unknown,Charade Circuit,Clermont-Ferrand,France
1970,7,British Grand Prix,1970-07-18,Unknown,Brands Hatch,Kent,UK
1970,8,German Grand Prix,1970-08-02,Unknown,Hockenheimring,Hockenheim,Germany
1970,9,Austrian Grand Prix,1970-08-16,Unknown,Red Bull Ring,Spielberg,Austria
1970,10,Italian Grand Prix,1970-09-06,Unknown,Autodromo Nazionale di Monza,Monza,Italy
1970,11,Canadian Grand Prix,1970-09-20,Unknown,Circuit Mont-Tremblant,Quebec,Canada
1970,12,United States Grand Prix,1970-10-04,Unknown,Watkins Glen,New York State,USA
1970,13,Mexican Grand Prix,1970-10-25,Unknown,Autódromo Hermanos Rodríguez,Mexico City,Mexico
1971,1,South African Grand Prix,1971-03-06,Unknown,Kyalami,Midrand,South Africa
1971,2,Spanish Grand Prix,1971-04-18,Unknown,Montjuïc,Barcelona,Spain
1971,3,Monaco Grand Prix,1971-05-23,Unknown,Circuit de Monaco,Monte-Carlo,Monaco
1971,4,Dutch Grand Prix,1971-06-20,Unknown,Circuit Park Zandvoort,Zandvoort,Netherlands
1971,5,French Grand Prix,1971-07-04,Unknown,Circuit Paul Ricard,Le Castellet,France
1971,6,British Grand Prix,1971-07-17,Unknown,Silverstone Circuit,Silverstone,UK
1971,7,German Grand Prix,1971-08-01,Unknown,Nürburgring,Nürburg,Germany
1971,8,Austrian Grand Prix,1971-08-15,Unknown,Red Bull Ring,Spielberg,Austria
1971,9,Italian Grand Prix,1971-09-05,Unknown,Autodromo Nazionale di Monza,Monza,Italy
1971,10,Canadian Grand Prix,1971-09-19,Unknown,Mosport International Raceway,Ontario,Canada
1971,11,United States Grand Prix,1971-10-03,Unknown,Watkins Glen,New York State,USA
1972,1,Argentine Grand Prix,1972-01-23,Unknown,Autódromo Juan y Oscar Gálvez,Buenos Aires,Argentina
1972,2,South African Grand Prix,1972-03-04,Unknown,Kyalami,Midrand,South Africa
1972,3,Spanish Grand Prix,1972-05-01,Unknown,Jarama,Madrid,Spain
1972,4,Monaco Grand Prix,1972-05-14,Unknown,Circuit de Monaco,Monte-Carlo,Monaco
1972,5,Belgian Grand Prix,1972-06-04,Unknown,Nivelles-Baulers,Brussels,Belgium
1972,6,French Grand Prix,1972-07-02,Unknown,Charade Circuit,Clermont-Ferrand,France
1972,7,British Grand Prix,1972-07-15,Unknown,Brands Hatch,Kent,UK
1972,8,German Grand Prix,1972-07-30,Unknown,Nürburgring,Nürburg,Germany
1972,9,Austrian Grand Prix,1972-08-13,Unknown,Red Bull Ring,Spielberg,Austria
1972,10,Italian Grand Prix,1972-09-10,Unknown,Autodromo Nazionale di Monza,Monza,Italy
1972,11,Canadian Grand Prix,1972-09-24,Unknown,Mosport International Raceway,Ontario,Canada
1972,12,United States Grand Prix,1972-10-08,Unknown,Watkins Glen,New York State,USA
1973,1,Argentine Grand Prix,1973-01-28,Unknown,Autódromo Juan y Oscar Gálvez,Buenos Aires,Argentina
1973,2,Brazilian Grand Prix,1973-02-11,Unknown,Autódromo José Carlos Pace,São Paulo,Brazil
1973,3,South African Grand Prix,1973-03-03,Unknown,Kyalami,Midrand,South Africa
1973,4,Spanish Grand Prix,1973-04-29,Unknown,Montjuïc,Barcelona,Spain
1973,5,Belgian Grand Prix,1973-05-20,Unknown,Zolder,Heusden-Zolder,Belgium
1973,6,Monaco Grand Prix,1973-06-03,Unknown,Circuit de Monaco,Monte-Carlo,Monaco
1973,7,Swedish Grand Prix,1973-06-17,Unknown,Scandinavian Raceway,Anderstorp,Sweden
1973,8,French Grand Prix,1973-07-01,Unknown,Circuit Paul Ricard,Le Castellet,France
1973,9,British Grand Prix,1973-07-14,Unknown,Silverstone Circuit,Silverstone,UK
1973,10,Dutch Grand Prix,1973-07-29,Unknown,Circuit Park Zandvoort,Zandvoort,Netherlands
1973,11,German Grand Prix,1973-08-05,Unknown,Nürburgring,Nürburg,Germany
1973,12,Austrian Grand Prix,1973-08-19,Unknown,Red Bull Ring,Spielberg,Austria
1973,13,Italian Grand Prix,1973-09-09,Unknown,Autodromo Nazionale di Monza,Monza,Italy
1973,14,Canadian Grand Prix,1973-09-23,Unknown,Mosport International Raceway,Ontario,Canada
1973,15,United States Grand Prix,1973-10-07,Unknown,Watkins Glen,New York State,USA
1974,1,Argentine Grand Prix,1974-01-13,Unknown,Autódromo Juan y Oscar Gálvez,Buenos Aires,Argentina
1974,2,Brazilian Grand Prix,1974-01-27,Unknown,Autódromo José Carlos Pace,São Paulo,Brazil
1974,3,South African Grand Prix,1974-03-30,Unknown,Kyalami,Midrand,South Africa
1974,4,Spanish Grand Prix,1974-04-28,Unknown,Jarama,Madrid,Spain
1974,5,Belgian Grand Prix,1974-05-12,Unknown,Nivelles-Baulers,Brussels,Belgium
1974,6,Monaco Grand Prix,1974-05-26,Unknown,Circuit de Monaco,Monte-Carlo,Monaco
1974,7,Swedish Grand Prix,1974-06-09,Unknown,Scandinavian Raceway,Anderstorp,Sweden
1974,8,Dutch Grand Prix,1974-06-23,Unknown,Circuit Park Zandvoort,Zandvoort,Netherlands
1974,9,French Grand Prix,1974-07-07,Unknown,Dijon-Prenois,Dijon,France
1974,10,British Grand Prix,1974-07-20,Unknown,Brands Hatch,Kent,UK
1974,11,German Grand Prix,1974-08-04,Unknown,Nürburgring,Nürburg,Germany
1974,12,Austrian Grand Prix,1974-08-18,Unknown,Red Bull Ring,Spielberg,Austria
1974,13,Italian Grand Prix,1974-09-08,Unknown,Autodromo Nazionale di Monza,Monza,Italy
1974,14,Canadian Grand Prix,1974-09-22,Unknown,Mosport International Raceway,Ontario,Canada
1974,15,United States Grand Prix,1974-10-06,Unknown,Watkins Glen,New York State,USA
1975,1,Argentine Grand Prix,1975-01-12,Unknown,Autódromo Juan y Oscar Gálvez,Buenos Aires,Argentina
1975,2,Brazilian Grand Prix,1975-01-26,Unknown,Autódromo José Carlos Pace,São Paulo,Brazil
1975,3,South African Grand Prix,1975-03-01,Unknown,Kyalami,Midrand,South Africa
1975,4,Spanish Grand Prix,1975-04-27,Unknown,Montjuïc,Barcelona,Spain
1975,5,Monaco Grand Prix,1975-05-11,Unknown,Circuit de Monaco,Monte-Carlo,Monaco
1975,6,Belgian Grand Prix,1975-05-25,Unknown,Zolder,Heusden-Zolder,Belgium
1975,7,Swedish Grand Prix,1975-06-08,Unknown,Scandinavian Raceway,Anderstorp,Sweden
1975,8,Dutch Grand Prix,1975-06-22,Unknown,Circuit Park Zandvoort,Zandvoort,Netherlands
1975,9,French Grand Prix,1975-07-06,Unknown,Circuit Paul Ricard,Le Castellet,France
1975,10,British Grand Prix,1975-07-19,Unknown,Silverstone Circuit,Silverstone,UK
1975,11,German Grand Prix,1975-08-03,Unknown,Nürburgring,Nürburg,Germany
1975,12,Austrian Grand Prix,1975-08-17,Unknown,Red Bull Ring,Spielberg,Austria
1975,13,Italian Grand Prix,1975-09-07,Unknown,Autodromo Nazionale di Monza,Monza,Italy
1975,14,United States Grand Prix,1975-10-05,Unknown,Watkins Glen,New York State,USA
1976,1,Brazilian Grand Prix,1976-01-25,Unknown,Autódromo José Carlos Pace,São Paulo,Brazil
1976,2,South African Grand Prix,1976-03-06,Unknown,Kyalami,Midrand,South Africa
1976,3,United States Grand Prix West,1976-03-28,Unknown,Long Beach,California,USA
1976,4,Spanish Grand Prix,1976-05-02,Unknown,Jarama,Madrid,Spain
1976,5,Belgian Grand Prix,1976-05-16,Unknown,Zolder,Heusden-Zolder,Belgium
1976,6,Monaco Grand Prix,1976-05-30,Unknown,Circuit de Monaco,Monte-Carlo,Monaco
1976,7,Swedish Grand Prix,1976-06-13,Unknown,Scandinavian Raceway,Anderstorp,Sweden
1976,8,French Grand Prix,1976-07-04,Unknown,Circuit Paul Ricard,Le Castellet,France
1976,9,British Grand Prix,1976-07-18,Unknown,Brands Hatch,Kent,UK
1976,10,German Grand Prix,1976-08-01,Unknown,Nürburgring,Nürburg,Germany
1976,11,Austrian Grand Prix,1976-08-15,Unknown,Red Bull Ring,Spielberg,Austria
1976,12,Dutch Grand Prix,1976-08-29,Unknown,Circuit Park Zandvoort,Zandvoort,Netherlands
1976,13,Italian Grand Prix,1976-09-12,Unknown,Autodromo Nazionale di Monza,Monza,Italy
1976,14,Canadian Grand Prix,1976-10-03,Unknown,Mosport International Raceway,Ontario,Canada
1976,15,United States Grand Prix,1976-10-10,Unknown,Watkins Glen,New York State,USA
1976,16,Japanese Grand Prix,1976-10-24,Unknown,Fuji Speedway,Oyama,Japan
1977,1,Argentine Grand Prix,1977-01-09,Unknown,Autódromo Juan y Oscar Gálvez,Buenos Aires,Argentina
1977,2,Brazilian Grand Prix,1977-01-23,Unknown,Autódromo José Carlos Pace,São Paulo,Brazil
1977,3,South African Grand Prix,1977-03-05,Unknown,Kyalami,Midrand,South Africa
1977,4,United States Grand Prix West,1977-04-03,Unknown,Long Beach,California,USA
1977,5,Spanish Grand Prix,1977-05-08,Unknown,Jarama,Madrid,Spain
1977,6,Monaco Grand Prix,1977-05-22,Unknown,Circuit de Monaco,Monte-Carlo,Monaco
1977,7,Belgian Grand Prix,1977-06-05,Unknown,Zolder,Heusden-Zolder,Belgium
1977,8,Swedish Grand Prix,1977-06-19,Unknown,Scandinavian Raceway,Anderstorp,Sweden
1977,9,French Grand Prix,1977-07-03,Unknown,Dijon-Prenois,Dijon,France
1977,10,British Grand Prix,1977-07-16,Unknown,Silverstone Circuit,Silverstone,UK
1977,11,German Grand Prix,1977-07-31,Unknown,Hockenheimring,Hockenheim,Germany
1977,12,Austrian Grand Prix,1977-08-14,Unknown,Red Bull Ring,Spielberg,Austria
1977,13,Dutch Grand Prix,1977-08-28,Unknown,Circuit Park Zandvoort,Zandvoort,Netherlands
1977,14,Italian Grand Prix,1977-09-11,Unknown,Autodromo Nazionale di Monza,Monza,Italy
1977,15,United States Grand Prix,1977-10-02,Unknown,Watkins Glen,New York State,USA
1977,16,Canadian Grand Prix,1977-10-09,Unknown,Mosport International Raceway,Ontario,Canada
1977,17,Japanese Grand Prix,1977-10-23,Unknown,Fuji Speedway,Oyama,Japan
1978,1,Argentine Grand Prix,1978-01-15,Unknown,Autódromo Juan y Oscar Gálvez,Buenos Aires,Argentina
1978,2,Brazilian Grand Prix,1978-01-29,Unknown,Autódromo Internacional Nelson Piquet,Rio de Janeiro,Brazil
1978,3,South African Grand Prix,1978-03-04,Unknown,Kyalami,Midrand,South Africa
1978,4,United States Grand Prix West,1978-04-02,Unknown,Long Beach,California,USA
1978,5,Monaco Grand Prix,1978-05-07,Unknown,Circuit de Monaco,Monte-Carlo,Monaco
1978,6,Belgian Grand Prix,1978-05-21,Unknown,Zolder,Heusden-Zolder,Belgium
1978,7,Spanish Grand Prix,1978-06-04,Unknown,Jarama,Madrid,Spain
1978,8,Swedish Grand Prix,1978-06-17,Unknown,Scandinavian Raceway,Anderstorp,Sweden
1978,9,French Grand Prix,1978-07-02,Unknown,Circuit Paul Ricard,Le Castellet,France
1978,10,British Grand Prix,1978-07-16,Unknown,Brands Hatch,Kent,UK
1978,11,German Grand Prix,1978-07-30,Unknown,Hockenheimring,Hockenheim,Germany
1978,12,Austrian Grand Prix,1978-08-13,Unknown,Red Bull Ring,Spielberg,Austria
1978,13,Dutch Grand Prix,1978-08-27,Unknown,Circuit Park Zandvoort,Zandvoort,Netherlands
1978,14,Italian Grand Prix,1978-09-10,Unknown,Autodromo Nazionale di Monza,Monza,Italy
1978,15,United States Grand Prix,1978-10-01,Unknown,Watkins Glen,New York State,USA
1978,16,Canadian Grand Prix,1978-10-08,Unknown,Circuit Gilles Villeneuve,Montreal,Canada
1979,1,Argentine Grand Prix,1979-01-21,Unknown,Autódromo Juan y Oscar Gálvez,Buenos Aires,Argentina
1979,2,Brazilian Grand Prix,1979-02-04,Unknown,Autódromo José Carlos Pace,São Paulo,Brazil
1979,3,South African Grand Prix,1979-03-03,Unknown,Kyalami,Midrand,South Africa
1979,4,United States Grand Prix West,1979-04-08,Unknown,Long Beach,California,USA
1979,5,Spanish Grand Prix,1979-04-29,Unknown,Jarama,Madrid,Spain
1979,6,Belgian Grand Prix,1979-05-13,Unknown,Zolder,Heusden-Zolder,Belgium
1979,7,Monaco Grand Prix,1979-05-27,Unknown,Circuit de Monaco,Monte-Carlo,Monaco
1979,8,French Grand Prix,1979-07-01,Unknown,Dijon-Prenois,Dijon,France
1979,9,British Grand Prix,1979-07-14,Unknown,Silverstone Circuit,Silverstone,UK
1979,10,German Grand Prix,1979-07-29,Unknown,Hockenheimring,Hockenheim,Germany
1979,11,Austrian Grand Prix,1979-08-12,Unknown,Red Bull Ring,Spielberg,Austria
1979,12,Dutch Grand Prix,1979-08-26,Unknown,Circuit Park Zandvoort,Zandvoort,Netherlands
1979,13,Italian Grand Prix,1979-09-09,Unknown,Autodromo Nazionale di Monza,Monza,Italy
1979,14,Canadian Grand Prix,1979-09-30,Unknown,Circuit Gilles Villeneuve,Montreal,Canada
1979,15,United States Grand Prix,1979-10-07,Unknown,Watkins Glen,New York State,USA
1980,1,Argentine Grand Prix,1980-01-13,Unknown,Autódromo Juan y Oscar Gálvez,Buenos Aires,Argentina
1980,2,Brazilian Grand Prix,1980-01-27,Unknown,Autódromo José Carlos Pace,São Paulo,Brazil
1980,3,South African Grand Prix,1980-03-01,Unknown,Kyalami,Midrand,South Africa
1980,4,United States Grand Prix West,1980-03-30,Unknown,Long Beach,California,USA
1980,5,Belgian Grand Prix,1980-05-04,Unknown,Zolder,Heusden-Zolder,Belgium
1980,6,Monaco Grand Prix,1980-05-18,Unknown,Circuit de Monaco,Monte-Carlo,Monaco
1980,7,French Grand Prix,1980-06-29,Unknown,Circuit Paul Ricard,Le Castellet,France
1980,8,British Grand Prix,1980-07-13,Unknown,Brands Hatch,Kent,UK
1980,9,German Grand Prix,1980-08-10,Unknown,Hockenheimring,Hockenheim,Germany
1980,10,Austrian Grand Prix,1980-08-17,Unknown,Red Bull Ring,Spielberg,Austria
1980,11,Dutch Grand Prix,1980-08-31,Unknown,Circuit Park Zandvoort,Zandvoort,Netherlands
1980,12,Italian Grand Prix,1980-09-14,Unknown,Autodromo Enzo e Dino Ferrari,Imola,Italy
1980,13,Canadian Grand Prix,1980-09-28,Unknown,Circuit Gilles Villeneuve,Montreal,Canada
1980,14,United States Grand Prix,1980-10-05,Unknown,Watkins Glen,New York State,USA
1981,1,United States Grand Prix West,1981-03-15,Unknown,Long Beach,California,USA
1981,2,Brazilian Grand Prix,1981-03-29,Unknown,Autódromo Internacional Nelson Piquet,Rio de Janeiro,Brazil
1981,3,Argentine Grand Prix,1981-04-12,Unknown,Autódromo Juan y Oscar Gálvez,Buenos Aires,Argentina
1981,4,San Marino Grand Prix,1981-05-03,Unknown,Autodromo Enzo e Dino Ferrari,Imola,Italy
1981,5,Belgian Grand Prix,1981-05-17,Unknown,Zolder,Heusden-Zolder,Belgium
1981,6,Monaco Grand Prix,1981-05-31,Unknown,Circuit de Monaco,Monte-Carlo,Monaco
1981,7,Spanish Grand Prix,1981-06-21,Unknown,Jarama,Madrid,Spain
1981,8,French Grand Prix,1981-07-05,Unknown,Dijon-Prenois,Dijon,France
1981,9,British Grand Prix,1981-07-18,Unknown,Silverstone Circuit,Silverstone,UK
1981,10,German Grand Prix,1981-08-02,Unknown,Hockenheimring,Hockenheim,Germany
1981,11,Austrian Grand Prix,1981-08-16,Unknown,Red Bull Ring,Spielberg,Austria
1981,12,Dutch Grand Prix,1981-08-30,Unknown,Circuit Park Zandvoort,Zandvoort,Netherlands
1981,13,Italian Grand Prix,1981-09-13,Unknown,Autodromo Nazionale di Monza,Monza,Italy
1981,14,Canadian Grand Prix,1981-09-27,Unknown,Circuit Gilles Villeneuve,Montreal,Canada
1981,15,Caesars Palace Grand Prix,1981-10-17,Unknown,Las Vegas Street Circuit,Nevada,USA
1982,1,South African Grand Prix,1982-01-23,Unknown,Kyalami,Midrand,South Africa
1982,2,Brazilian Grand Prix,1982-03-21,Unknown,Autódromo Internacional Nelson Piquet,Rio de Janeiro,Brazil
1982,3,United States Grand Prix West,1982-04-04,Unknown,Long Beach,California,USA
1982,4,San Marino Grand Prix,1982-04-25,Unknown,Autodromo Enzo e Dino Ferrari,Imola,Italy
1982,5,Belgian Grand Prix,1982-05-09,Unknown,Zolder,Heusden-Zolder,Belgium
1982,6,Monaco Grand Prix,1982-05-23,Unknown,Circuit de Monaco,Monte-Carlo,Monaco
1982,7,Detroit Grand Prix,1982-06-06,Unknown,Detroit Street Circuit,Detroit,USA
1982,8,Canadian Grand Prix,1982-06-13,Unknown,Circuit Gilles Villeneuve,Montreal,Canada
1982,9,Dutch Grand Prix,1982-07-03,Unknown,Circuit Park Zandvoort,Zandvoort,Netherlands
1982,10,British Grand Prix,1982-07-18,Unknown,Brands Hatch,Kent,UK
1982,11,French Grand Prix,1982-07-25,Unknown,Circuit Paul Ricard,Le Castellet,France
1982,12,German Grand Prix,1982-08-08,Unknown,Hockenheimring,Hockenheim,Germany
1982,13,Austrian Grand Prix,1982-08-15,Unknown,Red Bull Ring,Spielberg,Austria
1982,14,Swiss Grand Prix,1982-08-29,Unknown,Dijon-Prenois,Dijon,France
1982,15,Italian Grand Prix,1982-09-12,Unknown,Autodromo Nazionale di Monza,Monza,Italy
1982,16,Caesars Palace Grand Prix,1982-09-25,Unknown,Las Vegas Street Circuit,Nevada,USA
1983,1,Brazilian Grand Prix,1983-03-13,Unknown,Autódromo Internacional Nelson Piquet,Rio de Janeiro,Brazil
1983,2,United States Grand Prix West,1983-03-27,Unknown,Long Beach,California,USA
1983,3,French Grand Prix,1983-04-17,Unknown,Circuit Paul Ricard,Le Castellet,France
1983,4,San Marino Grand Prix,1983-05-01,Unknown,Autodromo Enzo e Dino Ferrari,Imola,Italy
1983,5,Monaco Grand Prix,1983-05-15,Unknown,Circuit de Monaco,Monte-Carlo,Monaco
1983,6,Belgian Grand Prix,1983-05-22,Unknown,Circuit de Spa-Francorchamps,Spa,Belgium
1983,7,Detroit Grand Prix,1983-06-05,Unknown,Detroit Street Circuit,Detroit,USA
1983,8,Canadian Grand Prix,1983-06-12,Unknown,Circuit Gilles Villeneuve,Montreal,Canada
1983,9,British Grand Prix,1983-07-16,Unknown,Silverstone Circuit,Silverstone,UK
1983,10,German Grand Prix,1983-08-07,Unknown,Hockenheimring,Hockenheim,Germany
1983,11,Austrian Grand Prix,1983-08-14,Unknown,Red Bull Ring,Spielberg,Austria
1983,12,Dutch Grand Prix,1983-08-28,Unknown,Circuit Park Zandvoort,Zandvoort,Netherlands
1983,13,Italian Grand Prix,1983-09-11,Unknown,Autodromo Nazionale di Monza,Monza,Italy
1983,14,European Grand Prix,1983-09-25,Unknown,Brands Hatch,Kent,UK
1983,15,South African Grand Prix,1983-10-15,Unknown,Kyalami,Midrand,South Africa
1984,1,Brazilian Grand Prix,1984-03-25,Unknown,Autódromo Internacional Nelson Piquet,Rio de Janeiro,Brazil
1984,2,South African Grand Prix,1984-04-07,Unknown,Kyalami,Midrand,South Africa
1984,3,Belgian Grand Prix,1984-04-29,Unknown,Zolder,Heusden-Zolder,Belgium
1984,4,San Marino Grand Prix,1984-05-06,Unknown,Autodromo Enzo e Dino Ferrari,Imola,Italy
1984,5,French Grand Prix,1984-05-20,Unknown,Dijon-Prenois,Dijon,France
1984,6,Monaco Grand Prix,1984-06-03,Unknown,Circuit de Monaco,Monte-Carlo,Monaco
1984,7,Canadian Grand Prix,1984-06-17,Unknown,Circuit Gilles Villeneuve,Montreal,Canada
1984,8,Detroit Grand Prix,1984-06-24,Unknown,Detroit Street Circuit,Detroit,USA
1984,9,Dallas Grand Prix,1984-07-08,Unknown,Fair Park,Dallas,USA
1984,10,British Grand Prix,1984-07-22,Unknown,Brands Hatch,Kent,UK
1984,11,German Grand Prix,1984-08-05,Unknown,Hockenheimring,Hockenheim,Germany
1984,12,Austrian Grand Prix,1984-08-19,Unknown,Red Bull Ring,Spielberg,Austria
1984,13,Dutch Grand Prix,1984-08-26,Unknown,Circuit Park Zandvoort,Zandvoort,Netherlands
1984,14,Italian Grand Prix,1984-09-09,Unknown,Autodromo Nazionale di Monza,Monza,Italy
1984,15,European Grand Prix,1984-10-07,Unknown,Nürburgring,Nürburg,Germany
1984,16,Portuguese Grand Prix,1984-10-21,Unknown,Autódromo do Estoril,Estoril,Portugal
1985,1,Brazilian Grand Prix,1985-04-07,Unknown,Autódromo Internacional Nelson Piquet,Rio de Janeiro,Brazil
1985,2,Portuguese Grand Prix,1985-04-21,Unknown,Autódromo do Estoril,Estoril,Portugal
1985,3,San Marino Grand Prix,1985-05-05,Unknown,Autodromo Enzo e Dino Ferrari,Imola,Italy
1985,4,Monaco Grand Prix,1985-05-19,Unknown,Circuit de Monaco,Monte-Carlo,Monaco
1985,5,Canadian Grand Prix,1985-06-16,Unknown,Circuit Gilles Villeneuve,Montreal,Canada
1985,6,Detroit Grand Prix,1985-06-23,Unknown,Detroit Street Circuit,Detroit,USA
1985,7,French Grand Prix,1985-07-07,Unknown,Circuit Paul Ricard,Le Castellet,France
1985,8,British Grand Prix,1985-07-21,Unknown,Silverstone Circuit,Silverstone,UK
1985,9,German Grand Prix,1985-08-04,Unknown,Nürburgring,Nürburg,Germany
1985,10,Austrian Grand Prix,1985-08-18,Unknown,Red Bull Ring,Spielberg,Austria
1985,11,Dutch Grand Prix,1985-08-25,Unknown,Circuit Park Zandvoort,Zandvoort,Netherlands
1985,12,Italian Grand Prix,1985-09-08,Unknown,Autodromo Nazionale di Monza,Monza,Italy
1985,13,Belgian Grand Prix,1985-09-15,Unknown,Circuit de Spa-Francorchamps,Spa,Belgium
1985,14,European Grand Prix,1985-10-06,Unknown,Brands Hatch,Kent,UK
1985,15,South African Grand Prix,1985-10-19,Unknown,Kyalami,Midrand,South Africa
1985,16,Australian Grand Prix,1985-11-03,Unknown,Adelaide Street Circuit,Adelaide,Australia
1986,1,Brazilian Grand Prix,1986-03-23,Unknown,Autódromo Internacional Nelson Piquet,Rio de Janeiro,Brazil
1986,2,Spanish Grand Prix,1986-04-13,Unknown,Circuito de Jerez,Jerez de la Frontera,Spain
1986,3,San Marino Grand Prix,1986-04-27,Unknown,Autodromo Enzo e Dino Ferrari,Imola,Italy
1986,4,Monaco Grand Prix,1986-05-11,Unknown,Circuit de Monaco,Monte-Carlo,Monaco
1986,5,Belgian Grand Prix,1986-05-25,Unknown,Circuit de Spa-Francorchamps,Spa,Belgium
1986,6,Canadian Grand Prix,1986-06-15,Unknown,Circuit Gilles Villeneuve,Montreal,Canada
1986,7,Detroit Grand Prix,1986-06-22,Unknown,Detroit Street Circuit,Detroit,USA
1986,8,French Grand Prix,1986-07-06,Unknown,Circuit Paul Ricard,Le Castellet,France
1986,9,British Grand Prix,1986-07-13,Unknown,Brands Hatch,Kent,UK
1986,10,German Grand Prix,1986-07-27,Unknown,Hockenheimring,Hockenheim,Germany
1986,11,Hungarian Grand Prix,1986-08-10,Unknown,Hungaroring,Budapest,Hungary
1986,12,Austrian Grand Prix,1986-08-17,Unknown,Red Bull Ring,Spielberg,Austria
1986,13,Italian Grand Prix,1986-09-07,Unknown,Autodromo Nazionale di Monza,Monza,Italy
1986,14,Portuguese Grand Prix,1986-09-21,Unknown,Autódromo do Estoril,Estoril,Portugal
1986,15,Mexican Grand Prix,1986-10-12,Unknown,Autódromo Hermanos Rodríguez,Mexico City,Mexico
1986,16,Australian Grand Prix,1986-10-26,Unknown,Adelaide Street Circuit,Adelaide,Australia
1987,1,Brazilian Grand Prix,1987-04-12,Unknown,Autódromo Internacional Nelson Piquet,Rio de Janeiro,Brazil
1987,2,San Marino Grand Prix,1987-05-03,Unknown,Autodromo Enzo e Dino Ferrari,Imola,Italy
1987,3,Belgian Grand Prix,1987-05-17,Unknown,Circuit de Spa-Francorchamps,Spa,Belgium
1987,4,Monaco Grand Prix,1987-05-31,Unknown,Circuit de Monaco,Monte-Carlo,Monaco
1987,5,Detroit Grand Prix,1987-06-21,Unknown,Detroit Street Circuit,Detroit,USA
1987,6,French Grand Prix,1987-07-05,Unknown,Circuit Paul Ricard,Le Castellet,France
1987,7,British Grand Prix,1987-07-12,Unknown,Silverstone Circuit,Silverstone,UK
1987,8,German Grand Prix,1987-07-26,Unknown,Hockenheimring,Hockenheim,Germany
1987,9,Hungarian Grand Prix,1987-08-09,Unknown,Hungaroring,Budapest,Hungary
1987,10,Austrian Grand Prix,1987-08-16,Unknown,Red Bull Ring,Spielberg,Austria
1987,11,Italian Grand Prix,1987-09-06,Unknown,Autodromo Nazionale di Monza,Monza,Italy
1987,12,Portuguese Grand Prix,1987-09-20,Unknown,Autódromo do Estoril,Estoril,Portugal
1987,13,Spanish Grand Prix,1987-09-27,Unknown,Circuito de Jerez,Jerez de la Frontera,Spain
1987,14,Mexican Grand Prix,1987-10-18,Unknown,Autódromo Hermanos Rodríguez,Mexico City,Mexico
1987,15,Japanese Grand Prix,1987-11-01,Unknown,Suzuka Circuit,Suzuka,Japan
1987,16,Australian Grand Prix,1987-11-15,Unknown,Adelaide Street Circuit,Adelaide,Australia
1988,1,Brazilian Grand Prix,1988-04-03,Unknown,Autódromo Internacional Nelson Piquet,Rio de Janeiro,Brazil
1988,2,San Marino Grand Prix,1988-05-01,Unknown,Autodromo Enzo e Dino Ferrari,Imola,Italy
1988,3,Monaco Grand Prix,1988-05-15,Unknown,Circuit de Monaco,Monte-Carlo,Monaco
1988,4,Mexican Grand Prix,1988-05-29,Unknown,Autódromo Hermanos Rodríguez,Mexico City,Mexico
1988,5,Canadian Grand Prix,1988-06-12,Unknown,Circuit Gilles Villeneuve,Montreal,Canada
1988,6,Detroit Grand Prix,1988-06-19,Unknown,Detroit Street Circuit,Detroit,USA
1988,7,French Grand Prix,1988-07-03,Unknown,Circuit Paul Ricard,Le Castellet,France
1988,8,British Grand Prix,1988-07-10,Unknown,Silverstone Circuit,Silverstone,UK
1988,9,German Grand Prix,1988-07-24,Unknown,Hockenheimring,Hockenheim,Germany
1988,10,Hungarian Grand Prix,1988-08-07,Unknown,Hungaroring,Budapest,Hungary
1988,11,Belgian Grand Prix,1988-08-28,Unknown,Circuit de Spa-Francorchamps,Spa,Belgium
1988,12,Italian Grand Prix,1988-09-11,Unknown,Autodromo Nazionale di Monza,Monza,Italy
1988,13,Portuguese Grand Prix,1988-09-25,Unknown,Autódromo do Estoril,Estoril,Portugal
1988,14,Spanish Grand Prix,1988-10-02,Unknown,Circuito de Jerez,Jerez de la Frontera,Spain
1988,15,Japanese Grand Prix,1988-10-30,Unknown,Suzuka Circuit,Suzuka,Japan
1988,16,Australian Grand Prix,1988-11-13,Unknown,Adelaide Street Circuit,Adelaide,Australia
1989,1,Brazilian Grand Prix,1989-03-26,Unknown,Autódromo Internacional Nelson Piquet,Rio de Janeiro,Brazil
1989,2,San Marino Grand Prix,1989-04-23,Unknown,Autodromo Enzo e Dino Ferrari,Imola,Italy
1989,3,Monaco Grand Prix,1989-05-07,Unknown,Circuit de Monaco,Monte-Carlo,Monaco
1989,4,Mexican Grand Prix,1989-05-28,Unknown,Autódromo Hermanos Rodríguez,Mexico City,Mexico
1989,5,United States Grand Prix,1989-06-04,Unknown,Phoenix street circuit,Phoenix,USA
1989,6,Canadian Grand Prix,1989-06-18,Unknown,Circuit Gilles Villeneuve,Montreal,Canada
1989,7,French Grand Prix,1989-07-09,Unknown,Circuit Paul Ricard,Le Castellet,France
1989,8,British Grand Prix,1989-07-16,Unknown,Silverstone Circuit,Silverstone,UK
1989,9,German Grand Prix,1989-07-30,Unknown,Hockenheimring,Hockenheim,Germany
1989,10,Hungarian Grand Prix,1989-08-13,Unknown,Hungaroring,Budapest,Hungary
1989,11,Belgian Grand Prix,1989-08-27,Unknown,Circuit de Spa-Francorchamps,Spa,Belgium
1989,12,Italian Grand Prix,1989-09-10,Unknown,Autodromo Nazionale di Monza,Monza,Italy
1989,13,Portuguese Grand Prix,1989-09-24,Unknown,Autódromo do Estoril,Estoril,Portugal
1989,14,Spanish Grand Prix,1989-10-01,Unknown,Circuito de Jerez,Jerez de la Frontera,Spain
1989,15,Japanese Grand Prix,1989-10-22,Unknown,Suzuka Circuit,Suzuka,Japan
1989,16,Australian Grand Prix,1989-11-05,Unknown,Adelaide Street Circuit,Adelaide,Australia
1990,1,United States Grand Prix,1990-03-11,Unknown,Phoenix street circuit,Phoenix,USA
1990,2,Brazilian Grand Prix,1990-03-25,Unknown,Autódromo José Carlos Pace,São Paulo,Brazil
1990,3,San Marino Grand Prix,1990-05-13,Unknown,Autodromo Enzo e Dino Ferrari,Imola,Italy
1990,4,Monaco Grand Prix,1990-05-27,Unknown,Circuit de Monaco,Monte-Carlo,Monaco
1990,5,Canadian Grand Prix,1990-06-10,Unknown,Circuit Gilles Villeneuve,Montreal,Canada
1990,6,Mexican Grand Prix,1990-06-24,Unknown,Autódromo Hermanos Rodríguez,Mexico City,Mexico
1990,7,French Grand Prix,1990-07-08,Unknown,Circuit Paul Ricard,Le Castellet,France
1990,8,British Grand Prix,1990-07-15,Unknown,Silverstone Circuit,Silverstone,UK
1990,9,German Grand Prix,1990-07-29,Unknown,Hockenheimring,Hockenheim,Germany
1990,10,Hungarian Grand Prix,1990-08-12,Unknown,Hungaroring,Budapest,Hungary
1990,11,Belgian Grand Prix,1990-08-26,Unknown,Circuit de Spa-Francorchamps,Spa,Belgium
1990,12,Italian Grand Prix,1990-09-09,Unknown,Autodromo Nazionale di Monza,Monza,Italy
1990,13,Portuguese Grand Prix,1990-09-23,Unknown,Autódromo do Estoril,Estoril,Portugal
1990,14,Spanish Grand Prix,1990-09-30,Unknown,Circuito de Jerez,Jerez de la Frontera,Spain
1990,15,Japanese Grand Prix,1990-10-21,Unknown,Suzuka Circuit,Suzuka,Japan
1990,16,Australian Grand Prix,1990-11-04,Unknown,Adelaide Street Circuit,Adelaide,Australia
1991,1,United States Grand Prix,1991-03-10,Unknown,Phoenix street circuit,Phoenix,USA
1991,2,Brazilian Grand Prix,1991-03-24,Unknown,Autódromo José Carlos Pace,São Paulo,Brazil
1991,3,San Marino Grand Prix,1991-04-28,Unknown,Autodromo Enzo e Dino Ferrari,Imola,Italy
1991,4,Monaco Grand Prix,1991-05-12,Unknown,Circuit de Monaco,Monte-Carlo,Monaco
1991,5,Canadian Grand Prix,1991-06-02,Unknown,Circuit Gilles Villeneuve,Montreal,Canada
1991,6,Mexican Grand Prix,1991-06-16,Unknown,Autódromo Hermanos Rodríguez,Mexico City,Mexico
1991,7,French Grand Prix,1991-07-07,Unknown,Circuit de Nevers Magny-Cours,Magny Cours,France
1991,8,British Grand Prix,1991-07-14,Unknown,Silverstone Circuit,Silverstone,UK
1991,9,German Grand Prix,1991-07-28,Unknown,Hockenheimring,Hockenheim,Germany
1991,10,Hungarian Grand Prix,1991-08-11,Unknown,Hungaroring,Budapest,Hungary
1991,11,Belgian Grand Prix,1991-08-25,Unknown,Circuit de Spa-Francorchamps,Spa,Belgium
1991,12,Italian Grand Prix,1991-09-08,Unknown,Autodromo Nazionale di Monza,Monza,Italy
1991,13,Portuguese Grand Prix,1991-09-22,Unknown,Autódromo do Estoril,Estoril,Portugal
1991,14,Spanish Grand Prix,1991-09-29,Unknown,Circuit de Barcelona-Catalunya,Montmeló,Spain
1991,15,Japanese Grand Prix,1991-10-20,Unknown,Suzuka Circuit,Suzuka,Japan
1991,16,Australian Grand Prix,1991-11-03,Unknown,Adelaide Street Circuit,Adelaide,Australia
1992,1,South African Grand Prix,1992-03-01,Unknown,Kyalami,Midrand,South Africa
1992,2,Mexican Grand Prix,1992-03-22,Unknown,Autódromo Hermanos Rodríguez,Mexico City,Mexico
1992,3,Brazilian Grand Prix,1992-04-05,Unknown,Autódromo José Carlos Pace,São Paulo,Brazil
1992,4,Spanish Grand Prix,1992-05-03,Unknown,Circuit de Barcelona-Catalunya,Montmeló,Spain
1992,5,San Marino Grand Prix,1992-05-17,Unknown,Autodromo Enzo e Dino Ferrari,Imola,Italy
1992,6,Monaco Grand Prix,1992-05-31,Unknown,Circuit de Monaco,Monte-Carlo,Monaco
1992,7,Canadian Grand Prix,1992-06-14,Unknown,Circuit Gilles Villeneuve,Montreal,Canada
1992,8,French Grand Prix,1992-07-05,Unknown,Circuit de Nevers Magny-Cours,Magny Cours,France
1992,9,British Grand Prix,1992-07-12,Unknown,Silverstone Circuit,Silverstone,UK
1992,10,German Grand Prix,1992-07-26,Unknown,Hockenheimring,Hockenheim,Germany
1992,11,Hungarian Grand Prix,1992-08-16,Unknown,Hungaroring,Budapest,Hungary
1992,12,Belgian Grand Prix,1992-08-30,Unknown,Circuit de Spa-Francorchamps,Spa,Belgium
1992,13,Italian Grand Prix,1992-09-13,Unknown,Autodromo Nazionale di Monza,Monza,Italy
1992,14,Portuguese Grand Prix,1992-09-27,Unknown,Autódromo do Estoril,Estoril,Portugal
1992,15,Japanese Grand Prix,1992-10-25,Unknown,Suzuka Circuit,Suzuka,Japan
1992,16,Australian Grand Prix,1992-11-08,Unknown,Adelaide Street Circuit,Adelaide,Australia
1993,1,South African Grand Prix,1993-03-14,Unknown,Kyalami,Midrand,South Africa
1993,2,Brazilian Grand Prix,1993-03-28,Unknown,Autódromo José Carlos Pace,São Paulo,Brazil
1993,3,European Grand Prix,1993-04-11,Unknown,Donington Park,Castle Donington,UK
1993,4,San Marino Grand Prix,1993-04-25,Unknown,Autodromo Enzo e Dino Ferrari,Imola,Italy
1993,5,Spanish Grand Prix,1993-05-09,Unknown,Circuit de Barcelona-Catalunya,Montmeló,Spain
1993,6,Monaco Grand Prix,1993-05-23,Unknown,Circuit de Monaco,Monte-Carlo,Monaco
1993,7,Canadian Grand Prix,1993-06-13,Unknown,Circuit Gilles Villeneuve,Montreal,Canada
1993,8,French Grand Prix,1993-07-04,Unknown,Circuit de Nevers Magny-Cours,Magny Cours,France
1993,9,British Grand Prix,1993-07-11,Unknown,Silverstone Circuit,Silverstone,UK
1993,10,German Grand Prix,1993-07-25,Unknown,Hockenheimring,Hockenheim,Germany
1993,11,Hungarian Grand Prix,1993-08-15,Unknown,Hungaroring,Budapest,Hungary
1993,12,Belgian Grand Prix,1993-08-29,Unknown,Circuit de Spa-Francorchamps,Spa,Belgium
1993,13,Italian Grand Prix,1993-09-12,Unknown,Autodromo Nazionale di Monza,Monza,Italy
1993,14,Portuguese Grand Prix,1993-09-26,Unknown,Autódromo do Estoril,Estoril,Portugal
1993,15,Japanese Grand Prix,1993-10-24,Unknown,Suzuka Circuit,Suzuka,Japan
1993,16,Australian Grand Prix,1993-11-07,Unknown,Adelaide Street Circuit,Adelaide,Australia
1994,1,Brazilian Grand Prix,1994-03-27,Unknown,Autódromo José Carlos Pace,São Paulo,Brazil
1994,2,Pacific Grand Prix,1994-04-17,Unknown,Okayama International Circuit,Okayama,Japan
1994,3,San Marino Grand Prix,1994-05-01,Unknown,Autodromo Enzo e Dino Ferrari,Imola,Italy
1994,4,Monaco Grand Prix,1994-05-15,Unknown,Circuit de Monaco,Monte-Carlo,Monaco
1994,5,Spanish Grand Prix,1994-05-29,Unknown,Circuit de Barcelona-Catalunya,Montmeló,Spain
1994,6,Canadian Grand Prix,1994-06-12,Unknown,Circuit Gilles Villeneuve,Montreal,Canada
1994,7,French Grand Prix,1994-07-03,Unknown,Circuit de Nevers Magny-Cours,Magny Cours,France
1994,8,British Grand Prix,1994-07-10,Unknown,Silverstone Circuit,Silverstone,UK
1994,9,German Grand Prix,1994-07-31,Unknown,Hockenheimring,Hockenheim,Germany
1994,10,Hungarian Grand Prix,1994-08-14,Unknown,Hungaroring,Budapest,Hungary
1994,11,Belgian Grand Prix,1994-08-28,Unknown,Circuit de Spa-Francorchamps,Spa,Belgium
1994,12,Italian Grand Prix,1994-09-11,Unknown,Autodromo Nazionale di Monza,Monza,Italy
1994,13,Portuguese Grand Prix,1994-09-25,Unknown,Autódromo do Estoril,Estoril,Portugal
1994,14,European Grand Prix,1994-10-16,Unknown,Circuito de Jerez,Jerez de la Frontera,Spain
1994,15,Japanese Grand Prix,1994-11-06,Unknown,Suzuka Circuit,Suzuka,Japan
1994,16,Australian Grand Prix,1994-11-13,Unknown,Adelaide Street Circuit,Adelaide,Australia
1995,1,Brazilian Grand Prix,1995-03-26,Unknown,Autódromo José Carlos Pace,São Paulo,Brazil
1995,2,Argentine Grand Prix,1995-04-09,Unknown,Autódromo Juan y Oscar Gálvez,Buenos Aires,Argentina
1995,3,San Marino Grand Prix,1995-04-30,Unknown,Autodromo Enzo e Dino Ferrari,Imola,Italy
1995,4,Spanish Grand Prix,1995-05-14,Unknown,Circuit de Barcelona-Catalunya,Montmeló,Spain
1995,5,Monaco Grand Prix,1995-05-28,Unknown,Circuit de Monaco,Monte-Carlo,Monaco
1995,6,Canadian Grand Prix,1995-06-11,Unknown,Circuit Gilles Villeneuve,Montreal,Canada
1995,7,French Grand Prix,1995-07-02,Unknown,Circuit de Nevers Magny-Cours,Magny Cours,France
1995,8,British Grand Prix,1995-07-16,Unknown,Silverstone Circuit,Silverstone,UK
1995,9,German Grand Prix,1995-07-30,Unknown,Hockenheimring,Hockenheim,Germany
1995,10,Hungarian Grand Prix,1995-08-13,Unknown,Hungaroring,Budapest,Hungary
1995,11,Belgian Grand Prix,1995-08-27,Unknown,Circuit de Spa-Francorchamps,Spa,Belgium
1995,12,Italian Grand Prix,1995-09-10,Unknown,Autodromo Nazionale di Monza,Monza,Italy
1995,13,Portuguese Grand Prix,1995-09-24,Unknown,Autódromo do Estoril,Estoril,Portugal
1995,14,European Grand Prix,1995-10-01,Unknown,Nürburgring,Nürburg,Germany
1995,15,Pacific Grand Prix,1995-10-22,Unknown,Okayama International Circuit,Okayama,Japan
1995,16,Japanese Grand Prix,1995-10-29,Unknown,Suzuka Circuit,Suzuka,Japan
1995,17,Australian Grand Prix,1995-11-12,Unknown,Adelaide Street Circuit,Adelaide,Australia
1996,1,Australian Grand Prix,1996-03-10,Unknown,Albert Park Grand Prix Circuit,Melbourne,Australia
1996,2,Brazilian Grand Prix,1996-03-31,Unknown,Autódromo José Carlos Pace,São Paulo,Brazil
1996,3,Argentine Grand Prix,1996-04-07,Unknown,Autódromo Juan y Oscar Gálvez,Buenos Aires,Argentina
1996,4,European Grand Prix,1996-04-28,Unknown,Nürburgring,Nürburg,Germany
1996,5,San Marino Grand Prix,1996-05-05,Unknown,Autodromo Enzo e Dino Ferrari,Imola,Italy
1996,6,Monaco Grand Prix,1996-05-19,Unknown,Circuit de Monaco,Monte-Carlo,Monaco
1996,7,Spanish Grand Prix,1996-06-02,Unknown,Circuit de Barcelona-Catalunya,Montmeló,Spain
1996,8,Canadian Grand Prix,1996-06-16,Unknown,Circuit Gilles Villeneuve,Montreal,Canada
1996,9,French Grand Prix,1996-06-30,Unknown,Circuit de Nevers Magny-Cours,Magny Cours,France
1996,10,British Grand Prix,1996-07-14,Unknown,Silverstone Circuit,Silverstone,UK
1996,11,German Grand Prix,1996-07-28,Unknown,Hockenheimring,Hockenheim,Germany
1996,12,Hungarian Grand Prix,1996-08-11,Unknown,Hungaroring,Budapest,Hungary
1996,13,Belgian Grand Prix,1996-08-25,Unknown,Circuit de Spa-Francorchamps,Spa,Belgium
1996,14,Italian Grand Prix,1996-09-08,Unknown,Autodromo Nazionale di Monza,Monza,Italy
1996,15,Portuguese Grand Prix,1996-09-22,Unknown,Autódromo do Estoril,Estoril,Portugal
1996,16,Japanese Grand Prix,1996-10-13,Unknown,Suzuka Circuit,Suzuka,Japan
1997,1,Australian Grand Prix,1997-03-09,Unknown,Albert Park Grand Prix Circuit,Melbourne,Australia
1997,2,Brazilian Grand Prix,1997-03-30,Unknown,Autódromo José Carlos Pace,São Paulo,Brazil
1997,3,Argentine Grand Prix,1997-04-13,Unknown,Autódromo Juan y Oscar Gálvez,Buenos Aires,Argentina
1997,4,San Marino Grand Prix,1997-04-27,Unknown,Autodromo Enzo e Dino Ferrari,Imola,Italy
1997,5,Monaco Grand Prix,1997-05-11,Unknown,Circuit de Monaco,Monte-Carlo,Monaco
1997,6,Spanish Grand Prix,1997-05-25,Unknown,Circuit de Barcelona-Catalunya,Montmeló,Spain
1997,7,Canadian Grand Prix,1997-06-15,Unknown,Circuit Gilles Villeneuve,Montreal,Canada
1997,8,French Grand Prix,1997-06-29,Unknown,Circuit de Nevers Magny-Cours,Magny Cours,France
1997,9,British Grand Prix,1997-07-13,Unknown,Silverstone Circuit,Silverstone,UK
1997,10,German Grand Prix,1997-07-27,Unknown,Hockenheimring,Hockenheim,Germany
1997,11,Hungarian Grand Prix,1997-08-10,Unknown,Hungaroring,Budapest,Hungary
1997,12,Belgian Grand Prix,1997-08-24,Unknown,Circuit de Spa-Francorchamps,Spa,Belgium
1997,13,Italian Grand Prix,1997-09-07,Unknown,Autodromo Nazionale di Monza,Monza,Italy
1997,14,Austrian Grand Prix,1997-09-21,Unknown,Red Bull Ring,Spielberg,Austria
1997,15,Luxembourg Grand Prix,1997-09-28,Unknown,Nürburgring,Nürburg,Germany
1997,16,Japanese Grand Prix,1997-10-12,Unknown,Suzuka Circuit,Suzuka,Japan
1997,17,European Grand Prix,1997-10-26,Unknown,Circuito de Jerez,Jerez de la Frontera,Spain
1998,1,Australian Grand Prix,1998-03-08,Unknown,Albert Park Grand Prix Circuit,Melbourne,Australia
1998,2,Brazilian Grand Prix,1998-03-29,Unknown,Autódromo José Carlos Pace,São Paulo,Brazil
1998,3,Argentine Grand Prix,1998-04-12,Unknown,Autódromo Juan y Oscar Gálvez,Buenos Aires,Argentina
1998,4,San Marino Grand Prix,1998-04-26,Unknown,Autodromo Enzo e Dino Ferrari,Imola,Italy
1998,5,Spanish Grand Prix,1998-05-10,Unknown,Circuit de Barcelona-Catalunya,Montmeló,Spain
1998,6,Monaco Grand Prix,1998-05-24,Unknown,Circuit de Monaco,Monte-Carlo,Monaco
1998,7,Canadian Grand Prix,1998-06-07,Unknown,Circuit Gilles Villeneuve,Montreal,Canada
1998,8,French Grand Prix,1998-06-28,Unknown,Circuit de Nevers Magny-Cours,Magny Cours,France
1998,9,British Grand Prix,1998-07-12,Unknown,Silverstone Circuit,Silverstone,UK
1998,10,Austrian Grand Prix,1998-07-26,Unknown,Red Bull Ring,Spielberg,Austria
1998,11,German Grand Prix,1998-08-02,Unknown,Hockenheimring,Hockenheim,Germany
1998,12,Hungarian Grand Prix,1998-08-16,Unknown,Hungaroring,Budapest,Hungary
1998,13,Belgian Grand Prix,1998-08-30,Unknown,Circuit de Spa-Francorchamps,Spa,Belgium
1998,14,Italian Grand Prix,1998-09-13,Unknown,Autodromo Nazionale di Monza,Monza,Italy
1998,15,Luxembourg Grand Prix,1998-09-27,Unknown,Nürburgring,Nürburg,Germany
1998,16,Japanese Grand Prix,1998-11-01,Unknown,Suzuka Circuit,Suzuka,Japan
1999,1,Australian Grand Prix,1999-03-07,Unknown,Albert Park Grand Prix Circuit,Melbourne,Australia
1999,2,Brazilian Grand Prix,1999-04-11,Unknown,Autódromo José Carlos Pace,São Paulo,Brazil
1999,3,San Marino Grand Prix,1999-05-02,Unknown,Autodromo Enzo e Dino Ferrari,Imola,Italy
1999,4,Monaco Grand Prix,1999-05-16,Unknown,Circuit de Monaco,Monte-Carlo,Monaco
1999,5,Spanish Grand Prix,1999-05-30,Unknown,Circuit de Barcelona-Catalunya,Montmeló,Spain
1999,6,Canadian Grand Prix,1999-06-13,Unknown,Circuit Gilles Villeneuve,Montreal,Canada
1999,7,French Grand Prix,1999-06-27,Unknown,Circuit de Nevers Magny-Cours,Magny Cours,France
1999,8,British Grand Prix,1999-07-11,Unknown,Silverstone Circuit,Silverstone,UK
1999,9,Austrian Grand Prix,1999-07-25,Unknown,Red Bull Ring,Spielberg,Austria
1999,10,German Grand Prix,1999-08-01,Unknown,Hockenheimring,Hockenheim,Germany
1999,11,Hungarian Grand Prix,1999-08-15,Unknown,Hungaroring,Budapest,Hungary
1999,12,Belgian Grand Prix,1999-08-29,Unknown,Circuit de Spa-Francorchamps,Spa,Belgium
1999,13,Italian Grand Prix,1999-09-12,Unknown,Autodromo Nazionale di Monza,Monza,Italy
1999,14,European Grand Prix,1999-09-26,Unknown,Nürburgring,Nürburg,Germany
1999,15,Malaysian Grand Prix,1999-10-17,Unknown,Sepang International Circuit,Kuala Lumpur,Malaysia
1999,16,Japanese Grand Prix,1999-10-31,Unknown,Suzuka Circuit,Suzuka,Japan
2000,1,Australian Grand Prix,2000-03-12,Unknown,Albert Park Grand Prix Circuit,Melbourne,Australia
2000,2,Brazilian Grand Prix,2000-03-26,Unknown,Autódromo José Carlos Pace,São Paulo,Brazil
2000,3,San Marino Grand Prix,2000-04-09,Unknown,Autodromo Enzo e Dino Ferrari,Imola,Italy
2000,4,British Grand Prix,2000-04-23,Unknown,Silverstone Circuit,Silverstone,UK
2000,5,Spanish Grand Prix,2000-05-07,Unknown,Circuit de Barcelona-Catalunya,Montmeló,Spain
2000,6,European Grand Prix,2000-05-21,Unknown,Nürburgring,Nürburg,Germany
2000,7,Monaco Grand Prix,2000-06-04,Unknown,Circuit de Monaco,Monte-Carlo,Monaco
2000,8,Canadian Grand Prix,2000-06-18,Unknown,Circuit Gilles Villeneuve,Montreal,Canada
2000,9,French Grand Prix,2000-07-02,Unknown,Circuit de Nevers Magny-Cours,Magny Cours,France
2000,10,Austrian Grand Prix,2000-07-16,Unknown,Red Bull Ring,Spielberg,Austria
2000,11,German Grand Prix,2000-07-30,Unknown,Hockenheimring,Hockenheim,Germany
2000,12,Hungarian Grand Prix,2000-08-13,Unknown,Hungaroring,Budapest,Hungary
2000,13,Belgian Grand Prix,2000-08-27,Unknown,Circuit de Spa-Francorchamps,Spa,Belgium
2000,14,Italian Grand Prix,2000-09-10,Unknown,Autodromo Nazionale di Monza,Monza,Italy
2000,15,United States Grand Prix,2000-09-24,Unknown,Indianapolis Motor Speedway,Indianapolis,USA
2000,16,Japanese Grand Prix,2000-10-08,Unknown,Suzuka Circuit,Suzuka,Japan
2000,17,Malaysian Grand Prix,2000-10-22,Unknown,Sepang International Circuit,Kuala Lumpur,Malaysia
2001,1,Australian Grand Prix,2001-03-04,Unknown,Albert Park Grand Prix Circuit,Melbourne,Australia
2001,2,Malaysian Grand Prix,2001-03-18,Unknown,Sepang International Circuit,Kuala Lumpur,Malaysia
2001,3,Brazilian Grand Prix,2001-04-01,Unknown,Autódromo José Carlos Pace,São Paulo,Brazil
2001,4,San Marino Grand Prix,2001-04-15,Unknown,Autodromo Enzo e Dino Ferrari,Imola,Italy
2001,5,Spanish Grand Prix,2001-04-29,Unknown,Circuit de Barcelona-Catalunya,Montmeló,Spain
2001,6,Austrian Grand Prix,2001-05-13,Unknown,Red Bull Ring,Spielberg,Austria
2001,7,Monaco Grand Prix,2001-05-27,Unknown,Circuit de Monaco,Monte-Carlo,Monaco
2001,8,Canadian Grand Prix,2001-06-10,Unknown,Circuit Gilles Villeneuve,Montreal,Canada
2001,9,European Grand Prix,2001-06-24,Unknown,Nürburgring,Nürburg,Germany
2001,10,French Grand Prix,2001-07-01,Unknown,Circuit de Nevers Magny-Cours,Magny Cours,France
2001,11,British Grand Prix,2001-07-15,Unknown,Silverstone Circuit,Silverstone,UK
2001,12,German Grand Prix,2001-07-29,Unknown,Hockenheimring,Hockenheim,Germany
2001,13,Hungarian Grand Prix,2001-08-19,Unknown,Hungaroring,Budapest,Hungary
2001,14,Belgian Grand Prix,2001-09-02,Unknown,Circuit de Spa-Francorchamps,Spa,Belgium
2001,15,Italian Grand Prix,2001-09-16,Unknown,Autodromo Nazionale di Monza,Monza,Italy
2001,16,United States Grand Prix,2001-09-30,Unknown,Indianapolis Motor Speedway,Indianapolis,USA
2001,17,Japanese Grand Prix,2001-10-14,Unknown,Suzuka Circuit,Suzuka,Japan
2002,1,Australian Grand Prix,2002-03-03,Unknown,Albert Park Grand Prix Circuit,Melbourne,Australia
2002,2,Malaysian Grand Prix,2002-03-17,Unknown,Sepang International Circuit,Kuala Lumpur,Malaysia
2002,3,Brazilian Grand Prix,2002-03-31,Unknown,Autódromo José Carlos Pace,São Paulo,Brazil
2002,4,San Marino Grand Prix,2002-04-14,Unknown,Autodromo Enzo e Dino Ferrari,Imola,Italy
2002,5,Spanish Grand Prix,2002-04-28,Unknown,Circuit de Barcelona-Catalunya,Montmeló,Spain
2002,6,Austrian Grand Prix,2002-05-12,Unknown,Red Bull Ring,Spielberg,Austria
2002,7,Monaco Grand Prix,2002-05-26,Unknown,Circuit de Monaco,Monte-Carlo,Monaco
2002,8,Canadian Grand Prix,2002-06-09,Unknown,Circuit Gilles Villeneuve,Montreal,Canada
2002,9,European Grand Prix,2002-06-23,Unknown,Nürburgring,Nürburg,Germany
2002,10,British Grand Prix,2002-07-07,Unknown,Silverstone Circuit,Silverstone,UK
2002,11,French Grand Prix,2002-07-21,Unknown,Circuit de Nevers Magny-Cours,Magny Cours,France
2002,12,German Grand Prix,2002-07-28,Unknown,Hockenheimring,Hockenheim,Germany
2002,13,Hungarian Grand Prix,2002-08-18,Unknown,Hungaroring,Budapest,Hungary
2002,14,Belgian Grand Prix,2002-09-01,Unknown,Circuit de Spa-Francorchamps,Spa,Belgium
2002,15,Italian Grand Prix,2002-09-15,Unknown,Autodromo Nazionale di Monza,Monza,Italy
2002,16,United States Grand Prix,2002-09-29,Unknown,Indianapolis Motor Speedway,Indianapolis,USA
2002,17,Japanese Grand Prix,2002-10-13,Unknown,Suzuka Circuit,Suzuka,Japan
2003,1,Australian Grand Prix,2003-03-09,Unknown,Albert Park Grand Prix Circuit,Melbourne,Australia
2003,2,Malaysian Grand Prix,2003-03-23,Unknown,Sepang International Circuit,Kuala Lumpur,Malaysia
2003,3,Brazilian Grand Prix,2003-04-06,Unknown,Autódromo José Carlos Pace,São Paulo,Brazil
2003,4,San Marino Grand Prix,2003-04-20,Unknown,Autodromo Enzo e Dino Ferrari,Imola,Italy
2003,5,Spanish Grand Prix,2003-05-04,Unknown,Circuit de Barcelona-Catalunya,Montmeló,Spain
2003,6,Austrian Grand Prix,2003-05-18,Unknown,Red Bull Ring,Spielberg,Austria
2003,7,Monaco Grand Prix,2003-06-01,Unknown,Circuit de Monaco,Monte-Carlo,Monaco
2003,8,Canadian Grand Prix,2003-06-15,Unknown,Circuit Gilles Villeneuve,Montreal,Canada
2003,9,European Grand Prix,2003-06-29,Unknown,Nürburgring,Nürburg,Germany
2003,10,French Grand Prix,2003-07-06,Unknown,Circuit de Nevers Magny-Cours,Magny Cours,France
2003,11,British Grand Prix,2003-07-20,Unknown,Silverstone Circuit,Silverstone,UK
2003,12,German Grand Prix,2003-08-03,Unknown,Hockenheimring,Hockenheim,Germany
2003,13,Hungarian Grand Prix,2003-08-24,Unknown,Hungaroring,Budapest,Hungary
2003,14,Italian Grand Prix,2003-09-14,Unknown,Autodromo Nazionale di Monza,Monza,Italy
2003,15,United States Grand Prix,2003-09-28,Unknown,Indianapolis Motor Speedway,Indianapolis,USA
2003,16,Japanese Grand Prix,2003-10-12,Unknown,Suzuka Circuit,Suzuka,Japan
2004,1,Australian Grand Prix,2004-03-07,Unknown,Albert Park Grand Prix Circuit,Melbourne,Australia
2004,2,Malaysian Grand Prix,2004-03-21,Unknown,Sepang International Circuit,Kuala Lumpur,Malaysia
2004,3,Bahrain Grand Prix,2004-04-04,Unknown,Bahrain International Circuit,Sakhir,Bahrain
2004,4,San Marino Grand Prix,2004-04-25,Unknown,Autodromo Enzo e Dino Ferrari,Imola,Italy
2004,5,Spanish Grand Prix,2004-05-09,Unknown,Circuit de Barcelona-Catalunya,Montmeló,Spain
2004,6,Monaco Grand Prix,2004-05-23,Unknown,Circuit de Monaco,Monte-Carlo,Monaco
2004,7,European Grand Prix,2004-05-30,Unknown,Nürburgring,Nürburg,Germany
2004,8,Canadian Grand Prix,2004-06-13,Unknown,Circuit Gilles Villeneuve,Montreal,Canada
2004,9,United States Grand Prix,2004-06-20,Unknown,Indianapolis Motor Speedway,Indianapolis,USA
2004,10,French Grand Prix,2004-07-04,Unknown,Circuit de Nevers Magny-Cours,Magny Cours,France
2004,11,British Grand Prix,2004-07-11,Unknown,Silverstone Circuit,Silverstone,UK
2004,12,German Grand Prix,2004-07-25,Unknown,Hockenheimring,Hockenheim,Germany
2004,13,Hungarian Grand Prix,2004-08-15,Unknown,Hungaroring,Budapest,Hungary
2004,14,Belgian Grand Prix,2004-08-29,Unknown,Circuit de Spa-Francorchamps,Spa,Belgium
2004,15,Italian Grand Prix,2004-09-12,Unknown,Autodromo Nazionale di Monza,Monza,Italy
2004,16,Chinese Grand Prix,2004-09-26,Unknown,Shanghai International Circuit,Shanghai,China
2004,17,Japanese Grand Prix,2004-10-10,Unknown,Suzuka Circuit,Suzuka,Japan
2004,18,Brazilian Grand Prix,2004-10-24,Unknown,Autódromo José Carlos Pace,São Paulo,Brazil
2005,1,Australian Grand Prix,2005-03-06,14:00:00Z,Albert Park Grand Prix Circuit,Melbourne,Australia
2005,2,Malaysian Grand Prix,2005-03-20,15:00:00Z,Sepang International Circuit,Kuala Lumpur,Malaysia
2005,3,Bahrain Grand Prix,2005-04-03,14:30:00Z,Bahrain International Circuit,Sakhir,Bahrain
2005,4,San Marino Grand Prix,2005-04-24,14:00:00Z,Autodromo Enzo e Dino Ferrari,Imola,Italy
2005,5,Spanish Grand Prix,2005-05-08,14:00:00Z,Circuit de Barcelona-Catalunya,Montmeló,Spain
2005,6,Monaco Grand Prix,2005-05-22,14:00:00Z,Circuit de Monaco,Monte-Carlo,Monaco
2005,7,European Grand Prix,2005-05-29,14:00:00Z,Nürburgring,Nürburg,Germany
2005,8,Canadian Grand Prix,2005-06-12,13:00:00Z,Circuit Gilles Villeneuve,Montreal,Canada
2005,9,United States Grand Prix,2005-06-19,14:00:00Z,Indianapolis Motor Speedway,Indianapolis,USA
2005,10,French Grand Prix,2005-07-03,14:00:00Z,Circuit de Nevers Magny-Cours,Magny Cours,France
2005,11,British Grand Prix,2005-07-10,14:00:00Z,Silverstone Circuit,Silverstone,UK
2005,12,German Grand Prix,2005-07-24,14:00:00Z,Hockenheimring,Hockenheim,Germany
2005,13,Hungarian Grand Prix,2005-07-31,14:00:00Z,Hungaroring,Budapest,Hungary
2005,14,Turkish Grand Prix,2005-08-21,15:00:00Z,Istanbul Park,Istanbul,Turkey
2005,15,Italian Grand Prix,2005-09-04,14:00:00Z,Autodromo Nazionale di Monza,Monza,Italy
2005,16,Belgian Grand Prix,2005-09-11,14:00:00Z,Circuit de Spa-Francorchamps,Spa,Belgium
2005,17,Brazilian Grand Prix,2005-09-25,14:00:00Z,Autódromo José Carlos Pace,São Paulo,Brazil
2005,18,Japanese Grand Prix,2005-10-09,14:00:00Z,Suzuka Circuit,Suzuka,Japan
2005,19,Chinese Grand Prix,2005-10-16,14:00:00Z,Shanghai International Circuit,Shanghai,China
2006,1,Bahrain Grand Prix,2006-03-12,14:30:00Z,Bahrain International Circuit,Sakhir,Bahrain
2006,2,Malaysian Grand Prix,2006-03-19,15:00:00Z,Sepang International Circuit,Kuala Lumpur,Malaysia
2006,3,Australian Grand Prix,2006-04-02,14:00:00Z,Albert Park Grand Prix Circuit,Melbourne,Australia
2006,4,San Marino Grand Prix,2006-04-23,14:00:00Z,Autodromo Enzo e Dino Ferrari,Imola,Italy
2006,5,European Grand Prix,2006-05-07,14:00:00Z,Nürburgring,Nürburg,Germany
2006,6,Spanish Grand Prix,2006-05-14,14:00:00Z,Circuit de Barcelona-Catalunya,Montmeló,Spain
2006,7,Monaco Grand Prix,2006-05-28,14:00:00Z,Circuit de Monaco,Monte-Carlo,Monaco
2006,8,British Grand Prix,2006-06-11,12:00:00Z,Silverstone Circuit,Silverstone,UK
2006,9,Canadian Grand Prix,2006-06-25,13:00:00Z,Circuit Gilles Villeneuve,Montreal,Canada
2006,10,United States Grand Prix,2006-07-02,14:00:00Z,Indianapolis Motor Speedway,Indianapolis,USA
2006,11,French Grand Prix,2006-07-16,14:00:00Z,Circuit de Nevers Magny-Cours,Magny Cours,France
2006,12,German Grand Prix,2006-07-30,14:00:00Z,Hockenheimring,Hockenheim,Germany
2006,13,Hungarian Grand Prix,2006-08-06,14:00:00Z,Hungaroring,Budapest,Hungary
2006,14,Turkish Grand Prix,2006-08-27,15:00:00Z,Istanbul Park,Istanbul,Turkey
2006,15,Italian Grand Prix,2006-09-10,14:00:00Z,Autodromo Nazionale di Monza,Monza,Italy
2006,16,Chinese Grand Prix,2006-10-01,14:00:00Z,Shanghai International Circuit,Shanghai,China
2006,17,Japanese Grand Prix,2006-10-08,14:00:00Z,Suzuka Circuit,Suzuka,Japan
2006,18,Brazilian Grand Prix,2006-10-22,14:00:00Z,Autódromo José Carlos Pace,São Paulo,Brazil
2007,1,Australian Grand Prix,2007-03-18,03:00:00Z,Albert Park Grand Prix Circuit,Melbourne,Australia
2007,2,Malaysian Grand Prix,2007-04-08,07:00:00Z,Sepang International Circuit,Kuala Lumpur,Malaysia
2007,3,Bahrain Grand Prix,2007-04-15,11:30:00Z,Bahrain International Circuit,Sakhir,Bahrain
2007,4,Spanish Grand Prix,2007-05-13,12:00:00Z,Circuit de Barcelona-Catalunya,Montmeló,Spain
2007,5,Monaco Grand Prix,2007-05-27,12:00:00Z,Circuit de Monaco,Monte-Carlo,Monaco
2007,6,Canadian Grand Prix,2007-06-10,17:00:00Z,Circuit Gilles Villeneuve,Montreal,Canada
2007,7,United States Grand Prix,2007-06-17,17:00:00Z,Indianapolis Motor Speedway,Indianapolis,USA
2007,8,French Grand Prix,2007-07-01,12:00:00Z,Circuit de Nevers Magny-Cours,Magny Cours,France
2007,9,British Grand Prix,2007-07-08,12:00:00Z,Silverstone Circuit,Silverstone,UK
2007,10,European Grand Prix,2007-07-22,12:00:00Z,Nürburgring,Nürburg,Germany
2007,11,Hungarian Grand Prix,2007-08-05,12:00:00Z,Hungaroring,Budapest,Hungary
2007,12,Turkish Grand Prix,2007-08-26,12:00:00Z,Istanbul Park,Istanbul,Turkey
2007,13,Italian Grand Prix,2007-09-09,12:00:00Z,Autodromo Nazionale di Monza,Monza,Italy
2007,14,Belgian Grand Prix,2007-09-16,12:00:00Z,Circuit de Spa-Francorchamps,Spa,Belgium
2007,15,Japanese Grand Prix,2007-09-30,04:30:00Z,Fuji Speedway,Oyama,Japan
2007,16,Chinese Grand Prix,2007-10-07,06:00:00Z,Shanghai International Circuit,Shanghai,China
2007,17,Brazilian Grand Prix,2007-10-21,16:00:00Z,Autódromo José Carlos Pace,São Paulo,Brazil
2008,1,Australian Grand Prix,2008-03-16,04:30:00Z,Albert Park Grand Prix Circuit,Melbourne,Australia
2008,2,Malaysian Grand Prix,2008-03-23,07:00:00Z,Sepang International Circuit,Kuala Lumpur,Malaysia
2008,3,Bahrain Grand Prix,2008-04-06,11:30:00Z,Bahrain International Circuit,Sakhir,Bahrain
2008,4,Spanish Grand Prix,2008-04-27,12:00:00Z,Circuit de Barcelona-Catalunya,Montmeló,Spain
2008,5,Turkish Grand Prix,2008-05-11,12:00:00Z,Istanbul Park,Istanbul,Turkey
2008,6,Monaco Grand Prix,2008-05-25,12:00:00Z,Circuit de Monaco,Monte-Carlo,Monaco
2008,7,Canadian Grand Prix,2008-06-08,17:00:00Z,Circuit Gilles Villeneuve,Montreal,Canada
2008,8,French Grand Prix,2008-06-22,12:00:00Z,Circuit de Nevers Magny-Cours,Magny Cours,France
2008,9,British Grand Prix,2008-07-06,12:00:00Z,Silverstone Circuit,Silverstone,UK
2008,10,German Grand Prix,2008-07-20,12:00:00Z,Hockenheimring,Hockenheim,Germany
2008,11,Hungarian Grand Prix,2008-08-03,12:00:00Z,Hungaroring,Budapest,Hungary
2008,12,European Grand Prix,2008-08-24,12:00:00Z,Valencia Street Circuit,Valencia,Spain
2008,13,Belgian Grand Prix,2008-09-07,12:00:00Z,Circuit de Spa-Francorchamps,Spa,Belgium
2008,14,Italian Grand Prix,2008-09-14,12:00:00Z,Autodromo Nazionale di Monza,Monza,Italy
2008,15,Singapore Grand Prix,2008-09-28,12:00:00Z,Marina Bay Street Circuit,Marina Bay,Singapore
2008,16,Japanese Grand Prix,2008-10-12,04:30:00Z,Fuji Speedway,Oyama,Japan
2008,17,Chinese Grand Prix,2008-10-19,07:00:00Z,Shanghai International Circuit,Shanghai,China
2008,18,Brazilian Grand Prix,2008-11-02,17:00:00Z,Autódromo José Carlos Pace,São Paulo,Brazil
2009,1,Australian Grand Prix,2009-03-29,06:00:00Z,Albert Park Grand Prix Circuit,Melbourne,Australia
2009,2,Malaysian Grand Prix,2009-04-05,09:00:00Z,Sepang International Circuit,Kuala Lumpur,Malaysia
2009,3,Chinese Grand Prix,2009-04-19,07:00:00Z,Shanghai International Circuit,Shanghai,China
2009,4,Bahrain Grand Prix,2009-04-26,12:00:00Z,Bahrain International Circuit,Sakhir,Bahrain
2009,5,Spanish Grand Prix,2009-05-10,12:00:00Z,Circuit de Barcelona-Catalunya,Montmeló,Spain
2009,6,Monaco Grand Prix,2009-05-24,12:00:00Z,Circuit de Monaco,Monte-Carlo,Monaco
2009,7,Turkish Grand Prix,2009-06-07,12:00:00Z,Istanbul Park,Istanbul,Turkey
2009,8,British Grand Prix,2009-06-21,12:00:00Z,Silverstone Circuit,Silverstone,UK
2009,9,German Grand Prix,2009-07-12,12:00:00Z,Nürburgring,Nürburg,Germany
2009,10,Hungarian Grand Prix,2009-07-26,12:00:00Z,Hungaroring,Budapest,Hungary
2009,11,European Grand Prix,2009-08-23,12:00:00Z,Valencia Street Circuit,Valencia,Spain
2009,12,Belgian Grand Prix,2009-08-30,12:00:00Z,Circuit de Spa-Francorchamps,Spa,Belgium
2009,13,Italian Grand Prix,2009-09-13,12:00:00Z,Autodromo Nazionale di Monza,Monza,Italy
2009,14,Singapore Grand Prix,2009-09-27,12:00:00Z,Marina Bay Street Circuit,Marina Bay,Singapore
2009,15,Japanese Grand Prix,2009-10-04,05:00:00Z,Suzuka Circuit,Suzuka,Japan
2009,16,Brazilian Grand Prix,2009-10-18,16:00:00Z,Autódromo José Carlos Pace,São Paulo,Brazil
2009,17,Abu Dhabi Grand Prix,2009-11-01,11:00:00Z,Yas Marina Circuit,Abu Dhabi,UAE
2010,1,Bahrain Grand Prix,2010-03-14,12:00:00Z,Bahrain International Circuit,Sakhir,Bahrain
2010,2,Australian Grand Prix,2010-03-28,06:00:00Z,Albert Park Grand Prix Circuit,Melbourne,Australia
2010,3,Malaysian Grand Prix,2010-04-04,08:00:00Z,Sepang International Circuit,Kuala Lumpur,Malaysia
2010,4,Chinese Grand Prix,2010-04-18,06:00:00Z,Shanghai International Circuit,Shanghai,China
2010,5,Spanish Grand Prix,2010-05-09,12:00:00Z,Circuit de Barcelona-Catalunya,Montmeló,Spain
2010,6,Monaco Grand Prix,2010-05-16,12:00:00Z,Circuit de Monaco,Monte-Carlo,Monaco
2010,7,Turkish Grand Prix,2010-05-30,11:00:00Z,Istanbul Park,Istanbul,Turkey
2010,8,Canadian Grand Prix,2010-06-13,16:00:00Z,Circuit Gilles Villeneuve,Montreal,Canada
2010,9,European Grand Prix,2010-06-27,12:00:00Z,Valencia Street Circuit,Valencia,Spain
2010,10,British Grand Prix,2010-07-11,12:00:00Z,Silverstone Circuit,Silverstone,UK
2010,11,German Grand Prix,2010-07-25,12:00:00Z,Hockenheimring,Hockenheim,Germany
2010,12,Hungarian Grand Prix,2010-08-01,12:00:00Z,Hungaroring,Budapest,Hungary
2010,13,Belgian Grand Prix,2010-08-29,12:00:00Z,Circuit de Spa-Francorchamps,Spa,Belgium
2010,14,Italian Grand Prix,2010-09-12,12:00:00Z,Autodromo Nazionale di Monza,Monza,Italy
2010,15,Singapore Grand Prix,2010-09-26,12:00:00Z,Marina Bay Street Circuit,Marina Bay,Singapore
2010,16,Japanese Grand Prix,2010-10-10,06:00:00Z,Suzuka Circuit,Suzuka,Japan
2010,17,Korean Grand Prix,2010-10-24,05:00:00Z,Korean International Circuit,Yeongam County,Korea
2010,18,Brazilian Grand Prix,2010-11-07,16:00:00Z,Autódromo José Carlos Pace,São Paulo,Brazil
2010,19,Abu Dhabi Grand Prix,2010-11-14,13:00:00Z,Yas Marina Circuit,Abu Dhabi,UAE
2011,1,Australian Grand Prix,2011-03-27,06:00:00Z,Albert Park Grand Prix Circuit,Melbourne,Australia
2011,2,Malaysian Grand Prix,2011-04-10,08:00:00Z,Sepang International Circuit,Kuala Lumpur,Malaysia
2011,3,Chinese Grand Prix,2011-04-17,07:00:00Z,Shanghai International Circuit,Shanghai,China
2011,4,Turkish Grand Prix,2011-05-08,12:00:00Z,Istanbul Park,Istanbul,Turkey
2011,5,Spanish Grand Prix,2011-05-22,12:00:00Z,Circuit de Barcelona-Catalunya,Montmeló,Spain
2011,6,Monaco Grand Prix,2011-05-29,12:00:00Z,Circuit de Monaco,Monte-Carlo,Monaco
2011,7,Canadian Grand Prix,2011-06-12,17:00:00Z,Circuit Gilles Villeneuve,Montreal,Canada
2011,8,European Grand Prix,2011-06-26,12:00:00Z,Valencia Street Circuit,Valencia,Spain
2011,9,British Grand Prix,2011-07-10,12:00:00Z,Silverstone Circuit,Silverstone,UK
2011,10,German Grand Prix,2011-07-24,12:00:00Z,Nürburgring,Nürburg,Germany
2011,11,Hungarian Grand Prix,2011-07-31,12:00:00Z,Hungaroring,Budapest,Hungary
2011,12,Belgian Grand Prix,2011-08-28,12:00:00Z,Circuit de Spa-Francorchamps,Spa,Belgium
2011,13,Italian Grand Prix,2011-09-11,12:00:00Z,Autodromo Nazionale di Monza,Monza,Italy
2011,14,Singapore Grand Prix,2011-09-25,12:00:00Z,Marina Bay Street Circuit,Marina Bay,Singapore
2011,15,Japanese Grand Prix,2011-10-09,06:00:00Z,Suzuka Circuit,Suzuka,Japan
2011,16,Korean Grand Prix,2011-10-16,06:00:00Z,Korean International Circuit,Yeongam County,Korea
2011,17,Indian Grand Prix,2011-10-30,09:30:00Z,Buddh International Circuit,Uttar Pradesh,India
2011,18,Abu Dhabi Grand Prix,2011-11-13,13:00:00Z,Yas Marina Circuit,Abu Dhabi,UAE
2011,19,Brazilian Grand Prix,2011-11-27,16:00:00Z,Autódromo José Carlos Pace,São Paulo,Brazil
2012,1,Australian Grand Prix,2012-03-18,06:00:00Z,Albert Park Grand Prix Circuit,Melbourne,Australia
2012,2,Malaysian Grand Prix,2012-03-25,08:00:00Z,Sepang International Circuit,Kuala Lumpur,Malaysia
2012,3,Chinese Grand Prix,2012-04-15,07:00:00Z,Shanghai International Circuit,Shanghai,China
2012,4,Bahrain Grand Prix,2012-04-22,12:00:00Z,Bahrain International Circuit,Sakhir,Bahrain
2012,5,Spanish Grand Prix,2012-05-13,12:00:00Z,Circuit de Barcelona-Catalunya,Montmeló,Spain
2012,6,Monaco Grand Prix,2012-05-27,12:00:00Z,Circuit de Monaco,Monte-Carlo,Monaco
2012,7,Canadian Grand Prix,2012-06-10,18:00:00Z,Circuit Gilles Villeneuve,Montreal,Canada
2012,8,European Grand Prix,2012-06-24,12:00:00Z,Valencia Street Circuit,Valencia,Spain
2012,9,British Grand Prix,2012-07-08,12:00:00Z,Silverstone Circuit,Silverstone,UK
2012,10,German Grand Prix,2012-07-22,12:00:00Z,Hockenheimring,Hockenheim,Germany
2012,11,Hungarian Grand Prix,2012-07-29,12:00:00Z,Hungaroring,Budapest,Hungary
2012,12,Belgian Grand Prix,2012-09-02,12:00:00Z,Circuit de Spa-Francorchamps,Spa,Belgium
2012,13,Italian Grand Prix,2012-09-09,12:00:00Z,Autodromo Nazionale di Monza,Monza,Italy
2012,14,Singapore Grand Prix,2012-09-23,12:00:00Z,Marina Bay Street Circuit,Marina Bay,Singapore
2012,15,Japanese Grand Prix,2012-10-07,06:00:00Z,Suzuka Circuit,Suzuka,Japan
2012,16,Korean Grand Prix,2012-10-14,06:00:00Z,Korean International Circuit,Yeongam County,Korea
2012,17,Indian Grand Prix,2012-10-28,09:30:00Z,Buddh International Circuit,Uttar Pradesh,India
2012,18,Abu Dhabi Grand Prix,2012-11-04,13:00:00Z,Yas Marina Circuit,Abu Dhabi,UAE
2012,19,United States Grand Prix,2012-11-18,19:00:00Z,Circuit of the Americas,Austin,USA
2012,20,Brazilian Grand Prix,2012-11-25,16:00:00Z,Autódromo José Carlos Pace,São Paulo,Brazil
2013,1,Australian Grand Prix,2013-03-17,06:00:00Z,Albert Park Grand Prix Circuit,Melbourne,Australia
2013,2,Malaysian Grand Prix,2013-03-24,08:00:00Z,Sepang International Circuit,Kuala Lumpur,Malaysia
2013,3,Chinese Grand Prix,2013-04-14,07:00:00Z,Shanghai International Circuit,Shanghai,China
2013,4,Bahrain Grand Prix,2013-04-21,12:00:00Z,Bahrain International Circuit,Sakhir,Bahrain
2013,5,Spanish Grand Prix,2013-05-12,12:00:00Z,Circuit de Barcelona-Catalunya,Montmeló,Spain
2013,6,Monaco Grand Prix,2013-05-26,12:00:00Z,Circuit de Monaco,Monte-Carlo,Monaco
2013,7,Canadian Grand Prix,2013-06-09,18:00:00Z,Circuit Gilles Villeneuve,Montreal,Canada
2013,8,British Grand Prix,2013-06-30,12:00:00Z,Silverstone Circuit,Silverstone,UK
2013,9,German Grand Prix,2013-07-07,12:00:00Z,Nürburgring,Nürburg,Germany
2013,10,Hungarian Grand Prix,2013-07-28,12:00:00Z,Hungaroring,Budapest,Hungary
2013,11,Belgian Grand Prix,2013-08-25,12:00:00Z,Circuit de Spa-Francorchamps,Spa,Belgium
2013,12,Italian Grand Prix,2013-09-08,12:00:00Z,Autodromo Nazionale di Monza,Monza,Italy
2013,13,Singapore Grand Prix,2013-09-22,12:00:00Z,Marina Bay Street Circuit,Marina Bay,Singapore
2013,14,Korean Grand Prix,2013-10-06,06:00:00Z,Korean International Circuit,Yeongam County,Korea
2013,15,Japanese Grand Prix,2013-10-13,06:00:00Z,Suzuka Circuit,Suzuka,Japan
2013,16,Indian Grand Prix,2013-10-27,09:30:00Z,Buddh International Circuit,Uttar Pradesh,India
2013,17,Abu Dhabi Grand Prix,2013-11-03,13:00:00Z,Yas Marina Circuit,Abu Dhabi,UAE
2013,18,United States Grand Prix,2013-11-17,19:00:00Z,Circuit of the Americas,Austin,USA
2013,19,Brazilian Grand Prix,2013-11-24,16:00:00Z,Autódromo José Carlos Pace,São Paulo,Brazil
2014,1,Australian Grand Prix,2014-03-16,06:00:00Z,Albert Park Grand Prix Circuit,Melbourne,Australia
2014,2,Malaysian Grand Prix,2014-03-30,08:00:00Z,Sepang International Circuit,Kuala Lumpur,Malaysia
2014,3,Bahrain Grand Prix,2014-04-06,15:00:00Z,Bahrain International Circuit,Sakhir,Bahrain
2014,4,Chinese Grand Prix,2014-04-20,07:00:00Z,Shanghai International Circuit,Shanghai,China
2014,5,Spanish Grand Prix,2014-05-11,12:00:00Z,Circuit de Barcelona-Catalunya,Montmeló,Spain
2014,6,Monaco Grand Prix,2014-05-25,12:00:00Z,Circuit de Monaco,Monte-Carlo,Monaco
2014,7,Canadian Grand Prix,2014-06-08,18:00:00Z,Circuit Gilles Villeneuve,Montreal,Canada
2014,8,Austrian Grand Prix,2014-06-22,12:00:00Z,Red Bull Ring,Spielberg,Austria
2014,9,British Grand Prix,2014-07-06,12:00:00Z,Silverstone Circuit,Silverstone,UK
2014,10,German Grand Prix,2014-07-20,12:00:00Z,Hockenheimring,Hockenheim,Germany
2014,11,Hungarian Grand Prix,2014-07-27,12:00:00Z,Hungaroring,Budapest,Hungary
2014,12,Belgian Grand Prix,2014-08-24,12:00:00Z,Circuit de Spa-Francorchamps,Spa,Belgium
2014,13,Italian Grand Prix,2014-09-07,12:00:00Z,Autodromo Nazionale di Monza,Monza,Italy
2014,14,Singapore Grand Prix,2014-09-21,12:00:00Z,Marina Bay Street Circuit,Marina Bay,Singapore
2014,15,Japanese Grand Prix,2014-10-05,06:00:00Z,Suzuka Circuit,Suzuka,Japan
2014,16,Russian Grand Prix,2014-10-12,11:00:00Z,Sochi Autodrom,Sochi,Russia
2014,17,United States Grand Prix,2014-11-02,20:00:00Z,Circuit of the Americas,Austin,USA
2014,18,Brazilian Grand Prix,2014-11-09,16:00:00Z,Autódromo José Carlos Pace,São Paulo,Brazil
2014,19,Abu Dhabi Grand Prix,2014-11-23,13:00:00Z,Yas Marina Circuit,Abu Dhabi,UAE
2015,1,Australian Grand Prix,2015-03-15,05:00:00Z,Albert Park Grand Prix Circuit,Melbourne,Australia
2015,2,Malaysian Grand Prix,2015-03-29,07:00:00Z,Sepang International Circuit,Kuala Lumpur,Malaysia
2015,3,Chinese Grand Prix,2015-04-12,06:00:00Z,Shanghai International Circuit,Shanghai,China
2015,4,Bahrain Grand Prix,2015-04-19,15:00:00Z,Bahrain International Circuit,Sakhir,Bahrain
2015,5,Spanish Grand Prix,2015-05-10,12:00:00Z,Circuit de Barcelona-Catalunya,Montmeló,Spain
2015,6,Monaco Grand Prix,2015-05-24,12:00:00Z,Circuit de Monaco,Monte-Carlo,Monaco
2015,7,Canadian Grand Prix,2015-06-07,18:00:00Z,Circuit Gilles Villeneuve,Montreal,Canada
2015,8,Austrian Grand Prix,2015-06-21,12:00:00Z,Red Bull Ring,Spielberg,Austria
2015,9,British Grand Prix,2015-07-05,12:00:00Z,Silverstone Circuit,Silverstone,UK
2015,10,Hungarian Grand Prix,2015-07-26,12:00:00Z,Hungaroring,Budapest,Hungary
2015,11,Belgian Grand Prix,2015-08-23,12:00:00Z,Circuit de Spa-Francorchamps,Spa,Belgium
2015,12,Italian Grand Prix,2015-09-06,12:00:00Z,Autodromo Nazionale di Monza,Monza,Italy
2015,13,Singapore Grand Prix,2015-09-20,12:00:00Z,Marina Bay Street Circuit,Marina Bay,Singapore
2015,14,Japanese Grand Prix,2015-09-27,05:00:00Z,Suzuka Circuit,Suzuka,Japan
2015,15,Russian Grand Prix,2015-10-11,11:00:00Z,Sochi Autodrom,Sochi,Russia
2015,16,United States Grand Prix,2015-10-25,19:00:00Z,Circuit of the Americas,Austin,USA
2015,17,Mexican Grand Prix,2015-11-01,19:00:00Z,Autódromo Hermanos Rodríguez,Mexico City,Mexico
2015,18,Brazilian Grand Prix,2015-11-15,16:00:00Z,Autódromo José Carlos Pace,São Paulo,Brazil
2015,19,Abu Dhabi Grand Prix,2015-11-29,13:00:00Z,Yas Marina Circuit,Abu Dhabi,UAE
2016,1,Australian Grand Prix,2016-03-20,05:00:00Z,Albert Park Grand Prix Circuit,Melbourne,Australia
2016,2,Bahrain Grand Prix,2016-04-03,15:00:00Z,Bahrain International Circuit,Sakhir,Bahrain
2016,3,Chinese Grand Prix,2016-04-17,06:00:00Z,Shanghai International Circuit,Shanghai,China
2016,4,Russian Grand Prix,2016-05-01,12:00:00Z,Sochi Autodrom,Sochi,Russia
2016,5,Spanish Grand Prix,2016-05-15,12:00:00Z,Circuit de Barcelona-Catalunya,Montmeló,Spain
2016,6,Monaco Grand Prix,2016-05-29,12:00:00Z,Circuit de Monaco,Monte-Carlo,Monaco
2016,7,Canadian Grand Prix,2016-06-12,18:00:00Z,Circuit Gilles Villeneuve,Montreal,Canada
2016,8,European Grand Prix,2016-06-19,13:00:00Z,Baku City Circuit,Baku,Azerbaijan
2016,9,Austrian Grand Prix,2016-07-03,12:00:00Z,Red Bull Ring,Spielberg,Austria
2016,10,British Grand Prix,2016-07-10,12:00:00Z,Silverstone Circuit,Silverstone,UK
2016,11,Hungarian Grand Prix,2016-07-24,12:00:00Z,Hungaroring,Budapest,Hungary
2016,12,German Grand Prix,2016-07-31,12:00:00Z,Hockenheimring,Hockenheim,Germany
2016,13,Belgian Grand Prix,2016-08-28,12:00:00Z,Circuit de Spa-Francorchamps,Spa,Belgium
2016,14,Italian Grand Prix,2016-09-04,12:00:00Z,Autodromo Nazionale di Monza,Monza,Italy
2016,15,Singapore Grand Prix,2016-09-18,12:00:00Z,Marina Bay Street Circuit,Marina Bay,Singapore
2016,16,Malaysian Grand Prix,2016-10-02,07:00:00Z,Sepang International Circuit,Kuala Lumpur,Malaysia
2016,17,Japanese Grand Prix,2016-10-09,05:00:00Z,Suzuka Circuit,Suzuka,Japan
2016,18,United States Grand Prix,2016-10-23,19:00:00Z,Circuit of the Americas,Austin,USA
2016,19,Mexican Grand Prix,2016-10-30,19:00:00Z,Autódromo Hermanos Rodríguez,Mexico City,Mexico
2016,20,Brazilian Grand Prix,2016-11-13,16:00:00Z,Autódromo José Carlos Pace,São Paulo,Brazil
2016,21,Abu Dhabi Grand Prix,2016-11-27,13:00:00Z,Yas Marina Circuit,Abu Dhabi,UAE
2017,1,Australian Grand Prix,2017-03-26,05:00:00Z,Albert Park Grand Prix Circuit,Melbourne,Australia
2017,2,Chinese Grand Prix,2017-04-09,06:00:00Z,Shanghai International Circuit,Shanghai,China
2017,3,Bahrain Grand Prix,2017-04-16,15:00:00Z,Bahrain International Circuit,Sakhir,Bahrain
2017,4,Russian Grand Prix,2017-04-30,12:00:00Z,Sochi Autodrom,Sochi,Russia
2017,5,Spanish Grand Prix,2017-05-14,12:00:00Z,Circuit de Barcelona-Catalunya,Montmeló,Spain
2017,6,Monaco Grand Prix,2017-05-28,12:00:00Z,Circuit de Monaco,Monte-Carlo,Monaco
2017,7,Canadian Grand Prix,2017-06-11,18:00:00Z,Circuit Gilles Villeneuve,Montreal,Canada
2017,8,Azerbaijan Grand Prix,2017-06-25,13:00:00Z,Baku City Circuit,Baku,Azerbaijan
2017,9,Austrian Grand Prix,2017-07-09,12:00:00Z,Red Bull Ring,Spielberg,Austria
2017,10,British Grand Prix,2017-07-16,12:00:00Z,Silverstone Circuit,Silverstone,UK
2017,11,Hungarian Grand Prix,2017-07-30,12:00:00Z,Hungaroring,Budapest,Hungary
2017,12,Belgian Grand Prix,2017-08-27,12:00:00Z,Circuit de Spa-Francorchamps,Spa,Belgium
2017,13,Italian Grand Prix,2017-09-03,12:00:00Z,Autodromo Nazionale di Monza,Monza,Italy
2017,14,Singapore Grand Prix,2017-09-17,12:00:00Z,Marina Bay Street Circuit,Marina Bay,Singapore
2017,15,Malaysian Grand Prix,2017-10-01,07:00:00Z,Sepang International Circuit,Kuala Lumpur,Malaysia
2017,16,Japanese Grand Prix,2017-10-08,05:00:00Z,Suzuka Circuit,Suzuka,Japan
2017,17,United States Grand Prix,2017-10-22,19:00:00Z,Circuit of the Americas,Austin,USA
2017,18,Mexican Grand Prix,2017-10-29,19:00:00Z,Autódromo Hermanos Rodríguez,Mexico City,Mexico
2017,19,Brazilian Grand Prix,2017-11-12,16:00:00Z,Autódromo José Carlos Pace,São Paulo,Brazil
2017,20,Abu Dhabi Grand Prix,2017-11-26,13:00:00Z,Yas Marina Circuit,Abu Dhabi,UAE
2018,1,Australian Grand Prix,2018-03-25,05:10:00Z,Albert Park Grand Prix Circuit,Melbourne,Australia
2018,2,Bahrain Grand Prix,2018-04-08,15:10:00Z,Bahrain International Circuit,Sakhir,Bahrain
2018,3,Chinese Grand Prix,2018-04-15,06:10:00Z,Shanghai International Circuit,Shanghai,China
2018,4,Azerbaijan Grand Prix,2018-04-29,12:10:00Z,Baku City Circuit,Baku,Azerbaijan
2018,5,Spanish Grand Prix,2018-05-13,13:10:00Z,Circuit de Barcelona-Catalunya,Montmeló,Spain
2018,6,Monaco Grand Prix,2018-05-27,13:10:00Z,Circuit de Monaco,Monte-Carlo,Monaco
2018,7,Canadian Grand Prix,2018-06-10,18:10:00Z,Circuit Gilles Villeneuve,Montreal,Canada
2018,8,French Grand Prix,2018-06-24,14:10:00Z,Circuit Paul Ricard,Le Castellet,France
2018,9,Austrian Grand Prix,2018-07-01,13:10:00Z,Red Bull Ring,Spielberg,Austria
2018,10,British Grand Prix,2018-07-08,13:10:00Z,Silverstone Circuit,Silverstone,UK
2018,11,German Grand Prix,2018-07-22,13:10:00Z,Hockenheimring,Hockenheim,Germany
2018,12,Hungarian Grand Prix,2018-07-29,13:10:00Z,Hungaroring,Budapest,Hungary
2018,13,Belgian Grand Prix,2018-08-26,13:10:00Z,Circuit de Spa-Francorchamps,Spa,Belgium
2018,14,Italian Grand Prix,2018-09-02,13:10:00Z,Autodromo Nazionale di Monza,Monza,Italy
2018,15,Singapore Grand Prix,2018-09-16,12:10:00Z,Marina Bay Street Circuit,Marina Bay,Singapore
2018,16,Russian Grand Prix,2018-09-30,11:10:00Z,Sochi Autodrom,Sochi,Russia
2018,17,Japanese Grand Prix,2018-10-07,05:10:00Z,Suzuka Circuit,Suzuka,Japan
2018,18,United States Grand Prix,2018-10-21,18:10:00Z,Circuit of the Americas,Austin,USA
2018,19,Mexican Grand Prix,2018-10-28,19:10:00Z,Autódromo Hermanos Rodríguez,Mexico City,Mexico
2018,20,Brazilian Grand Prix,2018-11-11,17:10:00Z,Autódromo José Carlos Pace,São Paulo,Brazil
2018,21,Abu Dhabi Grand Prix,2018-11-25,13:10:00Z,Yas Marina Circuit,Abu Dhabi,UAE
2019,1,Australian Grand Prix,2019-03-17,05:10:00Z,Albert Park Grand Prix Circuit,Melbourne,Australia
2019,2,Bahrain Grand Prix,2019-03-31,15:10:00Z,Bahrain International Circuit,Sakhir,Bahrain
2019,3,Chinese Grand Prix,2019-04-14,06:10:00Z,Shanghai International Circuit,Shanghai,China
2019,4,Azerbaijan Grand Prix,2019-04-28,12:10:00Z,Baku City Circuit,Baku,Azerbaijan
2019,5,Spanish Grand Prix,2019-05-12,13:10:00Z,Circuit de Barcelona-Catalunya,Montmeló,Spain
2019,6,Monaco Grand Prix,2019-05-26,13:10:00Z,Circuit de Monaco,Monte-Carlo,Monaco
2019,7,Canadian Grand Prix,2019-06-09,18:10:00Z,Circuit Gilles Villeneuve,Montreal,Canada
2019,8,French Grand Prix,2019-06-23,13:10:00Z,Circuit Paul Ricard,Le Castellet,France
2019,9,Austrian Grand Prix,2019-06-30,13:10:00Z,Red Bull Ring,Spielberg,Austria
2019,10,British Grand Prix,2019-07-14,13:10:00Z,Silverstone Circuit,Silverstone,UK
2019,11,German Grand Prix,2019-07-28,13:10:00Z,Hockenheimring,Hockenheim,Germany
2019,12,Hungarian Grand Prix,2019-08-04,13:10:00Z,Hungaroring,Budapest,Hungary
2019,13,Belgian Grand Prix,2019-09-01,13:10:00Z,Circuit de Spa-Francorchamps,Spa,Belgium
2019,14,Italian Grand Prix,2019-09-08,13:10:00Z,Autodromo Nazionale di Monza,Monza,Italy
2019,15,Singapore Grand Prix,2019-09-22,12:10:00Z,Marina Bay Street Circuit,Marina Bay,Singapore
2019,16,Russian Grand Prix,2019-09-29,11:10:00Z,Sochi Autodrom,Sochi,Russia
2019,17,Japanese Grand Prix,2019-10-13,05:10:00Z,Suzuka Circuit,Suzuka,Japan
2019,18,Mexican Grand Prix,2019-10-27,19:10:00Z,Autódromo Hermanos Rodríguez,Mexico City,Mexico
2019,19,United States Grand Prix,2019-11-03,19:10:00Z,Circuit of the Americas,Austin,USA
2019,20,Brazilian Grand Prix,2019-11-17,17:10:00Z,Autódromo José Carlos Pace,São Paulo,Brazil
2019,21,Abu Dhabi Grand Prix,2019-12-01,13:10:00Z,Yas Marina Circuit,Abu Dhabi,UAE
2020,1,Austrian Grand Prix,2020-07-05,13:10:00Z,Red Bull Ring,Spielberg,Austria
2020,2,Styrian Grand Prix,2020-07-12,13:10:00Z,Red Bull Ring,Spielberg,Austria
2020,3,Hungarian Grand Prix,2020-07-19,13:10:00Z,Hungaroring,Budapest,Hungary
2020,4,British Grand Prix,2020-08-02,13:10:00Z,Silverstone Circuit,Silverstone,UK
2020,5,70th Anniversary Grand Prix,2020-08-09,13:10:00Z,Silverstone Circuit,Silverstone,UK
2020,6,Spanish Grand Prix,2020-08-16,13:10:00Z,Circuit de Barcelona-Catalunya,Montmeló,Spain
2020,7,Belgian Grand Prix,2020-08-30,13:10:00Z,Circuit de Spa-Francorchamps,Spa,Belgium
2020,8,Italian Grand Prix,2020-09-06,13:10:00Z,Autodromo Nazionale di Monza,Monza,Italy
2020,9,Tuscan Grand Prix,2020-09-13,13:10:00Z,Autodromo Internazionale del Mugello,Mugello,Italy
2020,10,Russian Grand Prix,2020-09-27,11:10:00Z,Sochi Autodrom,Sochi,Russia
2020,11,Eifel Grand Prix,2020-10-11,13:10:00Z,Nürburgring,Nürburg,Germany
2020,12,Portuguese Grand Prix,2020-10-25,12:10:00Z,Autódromo Internacional do Algarve,Portimão,Portugal
2020,13,Emilia Romagna Grand Prix,2020-11-01,12:10:00Z,Autodromo Enzo e Dino Ferrari,Imola,Italy
2020,14,Turkish Grand Prix,2020-11-15,10:10:00Z,Istanbul Park,Istanbul,Turkey
2020,15,Bahrain Grand Prix,2020-11-29,14:10:00Z,Bahrain International Circuit,Sakhir,Bahrain
2020,16,Sakhir Grand Prix,2020-12-06,17:10:00Z,Bahrain International Circuit,Sakhir,Bahrain
2020,17,Abu Dhabi Grand Prix,2020-12-13,13:10:00Z,Yas Marina Circuit,Abu Dhabi,UAE
2021,1,Bahrain Grand Prix,2021-03-28,15:00:00Z,Bahrain International Circuit,Sakhir,Bahrain
2021,2,Emilia Romagna Grand Prix,2021-04-18,13:00:00Z,Autodromo Enzo e Dino Ferrari,Imola,Italy
2021,3,Portuguese Grand Prix,2021-05-02,14:00:00Z,Autódromo Internacional do Algarve,Portimão,Portugal
2021,4,Spanish Grand Prix,2021-05-09,13:00:00Z,Circuit de Barcelona-Catalunya,Montmeló,Spain
2021,5,Monaco Grand Prix,2021-05-23,13:00:00Z,Circuit de Monaco,Monte-Carlo,Monaco
2021,6,Azerbaijan Grand Prix,2021-06-06,12:00:00Z,Baku City Circuit,Baku,Azerbaijan
2021,7,French Grand Prix,2021-06-20,13:00:00Z,Circuit Paul Ricard,Le Castellet,France
2021,8,Styrian Grand Prix,2021-06-27,13:00:00Z,Red Bull Ring,Spielberg,Austria
2021,9,Austrian Grand Prix,2021-07-04,13:00:00Z,Red Bull Ring,Spielberg,Austria
2021,10,British Grand Prix,2021-07-18,14:00:00Z,Silverstone Circuit,Silverstone,UK
2021,11,Hungarian Grand Prix,2021-08-01,13:00:00Z,Hungaroring,Budapest,Hungary
2021,12,Belgian Grand Prix,2021-08-29,13:00:00Z,Circuit de Spa-Francorchamps,Spa,Belgium
2021,13,Dutch Grand Prix,2021-09-05,13:00:00Z,Circuit Park Zandvoort,Zandvoort,Netherlands
2021,14,Italian Grand Prix,2021-09-12,13:00:00Z,Autodromo Nazionale di Monza,Monza,Italy
2021,15,Russian Grand Prix,2021-09-26,12:00:00Z,Sochi Autodrom,Sochi,Russia
2021,16,Turkish Grand Prix,2021-10-10,12:00:00Z,Istanbul Park,Istanbul,Turkey
2021,17,United States Grand Prix,2021-10-24,19:00:00Z,Circuit of the Americas,Austin,USA
2021,18,Mexico City Grand Prix,2021-11-07,19:00:00Z,Autódromo Hermanos Rodríguez,Mexico City,Mexico
2021,19,São Paulo Grand Prix,2021-11-14,17:00:00Z,Autódromo José Carlos Pace,São Paulo,Brazil
2021,20,Qatar Grand Prix,2021-11-21,14:00:00Z,Losail International Circuit,Al Daayen,Qatar
2021,21,Saudi Arabian Grand Prix,2021-12-05,17:30:00Z,Jeddah Corniche Circuit,Jeddah,Saudi Arabia
2021,22,Abu Dhabi Grand Prix,2021-12-12,13:00:00Z,Yas Marina Circuit,Abu Dhabi,UAE
2022,1,Bahrain Grand Prix,2022-03-20,15:00:00Z,Bahrain International Circuit,Sakhir,Bahrain
2022,2,Saudi Arabian Grand Prix,2022-03-27,17:00:00Z,Jeddah Corniche Circuit,Jeddah,Saudi Arabia
2022,3,Australian Grand Prix,2022-04-10,05:00:00Z,Albert Park Grand Prix Circuit,Melbourne,Australia
2022,4,Emilia Romagna Grand Prix,2022-04-24,13:00:00Z,Autodromo Enzo e Dino Ferrari,Imola,Italy
2022,5,Miami Grand Prix,2022-05-08,19:30:00Z,Miami International Autodrome,Miami,USA
2022,6,Spanish Grand Prix,2022-05-22,13:00:00Z,Circuit de Barcelona-Catalunya,Montmeló,Spain
2022,7,Monaco Grand Prix,2022-05-29,13:00:00Z,Circuit de Monaco,Monte-Carlo,Monaco
2022,8,Azerbaijan Grand Prix,2022-06-12,11:00:00Z,Baku City Circuit,Baku,Azerbaijan
2022,9,Canadian Grand Prix,2022-06-19,18:00:00Z,Circuit Gilles Villeneuve,Montreal,Canada
2022,10,British Grand Prix,2022-07-03,14:00:00Z,Silverstone Circuit,Silverstone,UK
2022,11,Austrian Grand Prix,2022-07-10,13:00:00Z,Red Bull Ring,Spielberg,Austria
2022,12,French Grand Prix,2022-07-24,13:00:00Z,Circuit Paul Ricard,Le Castellet,France
2022,13,Hungarian Grand Prix,2022-07-31,13:00:00Z,Hungaroring,Budapest,Hungary
2022,14,Belgian Grand Prix,2022-08-28,13:00:00Z,Circuit de Spa-Francorchamps,Spa,Belgium
2022,15,Dutch Grand Prix,2022-09-04,13:00:00Z,Circuit Park Zandvoort,Zandvoort,Netherlands
2022,16,Italian Grand Prix,2022-09-11,13:00:00Z,Autodromo Nazionale di Monza,Monza,Italy
2022,17,Singapore Grand Prix,2022-10-02,12:00:00Z,Marina Bay Street Circuit,Marina Bay,Singapore
2022,18,Japanese Grand Prix,2022-10-09,05:00:00Z,Suzuka Circuit,Suzuka,Japan
2022,19,United States Grand Prix,2022-10-23,19:00:00Z,Circuit of the Americas,Austin,USA
2022,20,Mexico City Grand Prix,2022-10-30,20:00:00Z,Autódromo Hermanos Rodríguez,Mexico City,Mexico
2022,21,São Paulo Grand Prix,2022-11-13,18:00:00Z,Autódromo José Carlos Pace,São Paulo,Brazil
2022,22,Abu Dhabi Grand Prix,2022-11-20,13:00:00Z,Yas Marina Circuit,Abu Dhabi,UAE
2023,1,Bahrain Grand Prix,2023-03-05,15:00:00Z,Bahrain International Circuit,Sakhir,Bahrain
2023,2,Saudi Arabian Grand Prix,2023-03-19,17:00:00Z,Jeddah Corniche Circuit,Jeddah,Saudi Arabia
2023,3,Australian Grand Prix,2023-04-02,05:00:00Z,Albert Park Grand Prix Circuit,Melbourne,Australia
2023,4,Azerbaijan Grand Prix,2023-04-30,11:00:00Z,Baku City Circuit,Baku,Azerbaijan
2023,5,Miami Grand Prix,2023-05-07,19:30:00Z,Miami International Autodrome,Miami,USA
2023,6,Monaco Grand Prix,2023-05-28,13:00:00Z,Circuit de Monaco,Monte-Carlo,Monaco
2023,7,Spanish Grand Prix,2023-06-04,13:00:00Z,Circuit de Barcelona-Catalunya,Montmeló,Spain
2023,8,Canadian Grand Prix,2023-06-18,18:00:00Z,Circuit Gilles Villeneuve,Montreal,Canada
2023,9,Austrian Grand Prix,2023-07-02,13:00:00Z,Red Bull Ring,Spielberg,Austria
2023,10,British Grand Prix,2023-07-09,14:00:00Z,Silverstone Circuit,Silverstone,UK
2023,11,Hungarian Grand Prix,2023-07-23,13:00:00Z,Hungaroring,Budapest,Hungary
2023,12,Belgian Grand Prix,2023-07-30,13:00:00Z,Circuit de Spa-Francorchamps,Spa,Belgium
2023,13,Dutch Grand Prix,2023-08-27,13:00:00Z,Circuit Park Zandvoort,Zandvoort,Netherlands
2023,14,Italian Grand Prix,2023-09-03,13:00:00Z,Autodromo Nazionale di Monza,Monza,Italy
2023,15,Singapore Grand Prix,2023-09-17,12:00:00Z,Marina Bay Street Circuit,Marina Bay,Singapore
2023,16,Japanese Grand Prix,2023-09-24,05:00:00Z,Suzuka Circuit,Suzuka,Japan
2023,17,Qatar Grand Prix,2023-10-08,17:00:00Z,Losail International Circuit,Al Daayen,Qatar
2023,18,United States Grand Prix,2023-10-22,19:00:00Z,Circuit of the Americas,Austin,USA
2023,19,Mexico City Grand Prix,2023-10-29,20:00:00Z,Autódromo Hermanos Rodríguez,Mexico City,Mexico
2023,20,São Paulo Grand Prix,2023-11-05,17:00:00Z,Autódromo José Carlos Pace,São Paulo,Brazil
2023,21,Las Vegas Grand Prix,2023-11-19,06:00:00Z,Las Vegas Strip Street Circuit,Las Vegas,United States
2023,22,Abu Dhabi Grand Prix,2023-11-26,13:00:00Z,Yas Marina Circuit,Abu Dhabi,UAE
2024,1,Bahrain Grand Prix,2024-03-02,15:00:00Z,Bahrain International Circuit,Sakhir,Bahrain
2024,2,Saudi Arabian Grand Prix,2024-03-09,17:00:00Z,Jeddah Corniche Circuit,Jeddah,Saudi Arabia
2024,3,Australian Grand Prix,2024-03-24,04:00:00Z,Albert Park Grand Prix Circuit,Melbourne,Australia
2024,4,Japanese Grand Prix,2024-04-07,05:00:00Z,Suzuka Circuit,Suzuka,Japan
2024,5,Chinese Grand Prix,2024-04-21,07:00:00Z,Shanghai International Circuit,Shanghai,China
2024,6,Miami Grand Prix,2024-05-05,20:00:00Z,Miami International Autodrome,Miami,USA
2024,7,Emilia Romagna Grand Prix,2024-05-19,13:00:00Z,Autodromo Enzo e Dino Ferrari,Imola,Italy
2024,8,Monaco Grand Prix,2024-05-26,13:00:00Z,Circuit de Monaco,Monte-Carlo,Monaco
2024,9,Canadian Grand Prix,2024-06-09,18:00:00Z,Circuit Gilles Villeneuve,Montreal,Canada
2024,10,Spanish Grand Prix,2024-06-23,13:00:00Z,Circuit de Barcelona-Catalunya,Montmeló,Spain
2024,11,Austrian Grand Prix,2024-06-30,13:00:00Z,Red Bull Ring,Spielberg,Austria
2024,12,British Grand Prix,2024-07-07,14:00:00Z,Silverstone Circuit,Silverstone,UK
2024,13,Hungarian Grand Prix,2024-07-21,13:00:00Z,Hungaroring,Budapest,Hungary
2024,14,Belgian Grand Prix,2024-07-28,13:00:00Z,Circuit de Spa-Francorchamps,Spa,Belgium
2024,15,Dutch Grand Prix,2024-08-25,13:00:00Z,Circuit Park Zandvoort,Zandvoort,Netherlands
2024,16,Italian Grand Prix,2024-09-01,13:00:00Z,Autodromo Nazionale di Monza,Monza,Italy
2024,17,Azerbaijan Grand Prix,2024-09-15,11:00:00Z,Baku City Circuit,Baku,Azerbaijan
2024,18,Singapore Grand Prix,2024-09-22,12:00:00Z,Marina Bay Street Circuit,Marina Bay,Singapore
2024,19,United States Grand Prix,2024-10-20,19:00:00Z,Circuit of the Americas,Austin,USA
2024,20,Mexico City Grand Prix,2024-10-27,20:00:00Z,Autódromo Hermanos Rodríguez,Mexico City,Mexico
2024,21,São Paulo Grand Prix,2024-11-03,17:00:00Z,Autódromo José Carlos Pace,São Paulo,Brazil
2024,22,Las Vegas Grand Prix,2024-11-23,06:00:00Z,Las Vegas Strip Street Circuit,Las Vegas,United States
2024,23,Qatar Grand Prix,2024-12-01,17:00:00Z,Losail International Circuit,Al Daayen,Qatar
2024,24,Abu Dhabi Grand Prix,2024-12-08,13:00:00Z,Yas Marina Circuit,Abu Dhabi,UAE
